ID,Type,RA,DECL,ID_OGLE_II,ID_OGLE_III,ID_OGLE_IV,ID_OTHER,I,V,V_I,P,dP,T0,A,Ecc,Incl,Peri,Var,Model,S,C,Remarks
OGLE-LMC-HB-0001,RG,4.755433,-67.053972,-99.99,LMC145.1.4667,LMC540.27.63,-99.99,15.905,17.291,1.386,376.42,0.27,9231.2,0.03,0.314,54.1,132.3,-99.99,1,0.00539,0.0013,
OGLE-LMC-HB-0002,RG,4.773567,-72.799389,-99.99,-99.99,LMC528.21.4791,OGLE-LMC-ECL-26648,16.52,17.9,1.38,207.35,0.12,9015.7,0.039,0.314,79.7,24.3,-99.99,1,0.00518,0.00202,
OGLE-LMC-HB-0003,MS,4.784006,-68.917139,-99.99,LMC141.8.8773,LMC539.08.103,OGLE-LMC-ECL-26688,15.886,15.848,-0.038,4.186218,0.000029,9002.575,0.03,0.136,41.7,168.2,-99.99,1,0.0146,-0.0045,
OGLE-LMC-HB-0004,RG,4.787808,-68.973583,-99.99,LMC142.4.50,LMC539.08.27,-99.99,15.574,17.283,1.709,243.965,0.094,9112.6,0.028,0.291,30.7,173.4,ECL,0,0.0102,-0.00665,
OGLE-LMC-HB-0005,RG,4.788506,-70.079056,-99.99,LMC143.1.18,LMC530.31.2375,-99.99,14.225,15.753,1.528,494.52,0.27,9437.3,0.037,0.3109,62,120.4,-99.99,1,0.00574,0.0005,
OGLE-LMC-HB-0006,RG,4.790075,-70.677528,-99.99,LMC144.1.7335,LMC530.14.7330,-99.99,15.853,17.36,1.507,202.326,0.062,9000.2,0.029,0.183,51.7,92.7,TEO,1,0.00976,-0.00167,
OGLE-LMC-HB-0007,RG,4.791044,-69.485611,-99.99,LMC142.1.21,LMC531.15.2912,-99.99,14.506,15.943,1.437,662.83,0.68,9164.7,0.021,0.519,70,14.4,-99.99,1,0.00121,0.00064,
OGLE-LMC-HB-0008,RG,4.796111,-69.290417,-99.99,LMC142.2.45,LMC531.24.4,-99.99,14.271,15.623,1.352,404.2,0.24,9264.7,0.031,0.212,50.5,2.6,-99.99,1,0.00963,-0.0004,
OGLE-LMC-HB-0009,RG,4.82755,-68.515389,-99.99,LMC141.3.13731,LMC532.06.25753,EROS2-star lm015-5k-26494,15.161,16.968,1.807,592.56,0.17,9482.8,0.061,0.4466,59.9,79.2,-99.99,1,0.00552,-0.00071,
OGLE-LMC-HB-0010,RG,4.835717,-70.018,-99.99,LMC136.8.64,LMC530.29.22963,-99.99,15.094,16.287,1.193,177.161,0.045,9062.8,0.023,0.407,36.65,65.8,-99.99,1,0.00601,-0.0028,
OGLE-LMC-HB-0011,RG,4.8379,-70.177583,-99.99,LMC137.5.11971,LMC530.29.16078,-99.99,15.591,17.2,1.609,438.74,0.34,9331,0.025,0.282,89.8,122.3,-99.99,1,0.00324,0.002,
OGLE-LMC-HB-0012,RG,4.845908,-70.098139,-99.99,LMC136.8.11243,LMC530.29.19176,OGLE-LMC-ECL-01488,15.371,16.882,1.511,435.49,0.22,9405.3,0.041,0.296,54.8,18.8,ECL,0,0.00812,-0.00052,
OGLE-LMC-HB-0013,RG,4.846486,-70.275611,-99.99,LMC137.5.12067,LMC530.21.18945,OGLE-LMC-ECL-27014,15.999,17.499,1.5,324.538,0.078,9182.4,0.048,0.452,76.3,59.6,-99.99,1,0.00311,0.00101,
OGLE-LMC-HB-0014,RG,4.849042,-69.426722,-99.99,LMC135.8.17507,LMC531.13.10236,EROS2-star lm012-2m-3813,14.497,15.726,1.229,359.11,0.19,9253.1,0.041,0.26,39.03,161.7,-99.99,1,0.01416,-0.00585,
OGLE-LMC-HB-0015,RG,4.856022,-67.221167,-99.99,LMC139.4.7634,LMC533.06.19946,-99.99,15.238,16.618,1.38,311.75,0.15,9257.2,0.028,0.191,66,47.3,-99.99,1,0.00613,0.00153,
OGLE-LMC-HB-0016,RG,4.864228,-69.720583,-99.99,LMC136.6.15163,LMC531.04.31795,-99.99,15.207,16.232,1.025,128.69,0.032,9086.4,0.023,0.2,76.8,32.7,-99.99,1,0.00439,0.00261,
OGLE-LMC-HB-0017,MS,4.865533,-69.392889,-99.99,LMC135.7.7716,LMC531.12.36543,-99.99,16.258,16.17,-0.088,19.72612,0.00031,9004.111,0.093,0.176,17.31,9.4,-99.99,1,0.0741,-0.0568,
OGLE-LMC-HB-0018,RG,4.868228,-66.81,-99.99,LMC138.3.7148,LMC533.23.11,-99.99,14.975,16.558,1.583,577.86,0.24,9165.2,0.052,0.3787,53.1,173.4,-99.99,1,0.00806,0.00024,
OGLE-LMC-HB-0019,RG,4.870322,-69.550889,-99.99,-99.99,LMC531.12.24810,-99.99,15.487,17.067,1.58,547.52,0.73,9326.2,0.022,0.447,60.1,102.2,-99.99,1,0.002,0.00082,
OGLE-LMC-HB-0020,RG,4.8733,-68.365139,-99.99,LMC134.5.22443,LMC532.13.4,OGLE-LMC-ECL-01908,12.874,14.222,1.348,415.377,0.038,9386.91,0.263,0.0191,12.7,45.88,ECL,0,1.0663,-0.9999,
OGLE-LMC-HB-0021,RG,4.876208,-68.842667,-99.99,LMC134.8.26510,LMC531.29.6068,-99.99,15.204,16.891,1.687,402.65,0.34,9126.1,0.021,0.131,43.3,171.5,-99.99,1,0.0099,-0.0026,
OGLE-LMC-HB-0022,RG,4.890814,-66.566,-99.99,-99.99,LMC533.22.9632,EROS2-star lm028-1n-24990,15.025,16.777,1.752,370.7,0.13,9249.8,0.085,0.2967,54.2,100.2,-99.99,1,0.0173,-0.0065,
OGLE-LMC-HB-0023,RG,4.900642,-68.121028,-99.99,LMC133.7.17484,LMC532.12.15797,-99.99,16.226,17.718,1.492,237.91,0.12,9078.9,0.026,0.193,73.6,104.8,-99.99,1,0.00512,0.00252,
OGLE-LMC-HB-0024,RG,4.912181,-69.082444,-99.99,LMC135.4.4729,LMC531.20.13102,-99.99,15.598,17.149,1.551,222.295,0.064,9039.1,0.035,0.289,44.9,144.9,-99.99,1,0.00897,-0.00163,
OGLE-LMC-HB-0025,RG,4.912639,-66.3535,-99.99,-99.99,LMC533.29.14235,-99.99,14.43,16.162,1.732,578.54,0.61,9125.9,0.057,0.371,74.6,75.6,-99.99,1,0.00562,0.00192,
OGLE-LMC-HB-0026,RG,4.915436,-70.757389,-99.99,LMC130.5.9,LMC530.10.2672,-99.99,13.916,15.416,1.5,700,1,9470.9,0.021,0.407,45.5,17.3,-99.99,0,0.00327,-0.00075,
OGLE-LMC-HB-0027,MS,4.916164,-67.633889,-99.99,LMC132.8.13249,LMC532.28.22811,OGLE-LMC-ECL-27523,16.177,16.108,-0.069,6.451445,0.000072,9004.756,0.028,0.328,48.2,59.9,ECL,0,0.00593,-0.00103,
OGLE-LMC-HB-0028,RG,4.919147,-67.590833,-99.99,LMC132.2.3,LMC532.28.27326,-99.99,14.292,15.669,1.377,636.65,0.47,9517.1,0.028,0.494,56.5,3,-99.99,1,0.00233,0.00075,
OGLE-LMC-HB-0029,RG,4.925325,-72.588583,-99.99,-99.99,LMC507.16.33,EROS2-star lm067-4m-6381,14.872,16.631,1.759,433.04,0.31,9097.8,0.072,0.2954,69.2,96.6,-99.99,1,0.0106,0.0018,
OGLE-LMC-HB-0030,MS,4.925339,-69.468194,-99.99,LMC135.1.25511,LMC531.10.36227,-99.99,16.516,16.656,0.14,395.067,0.057,9386.9,0.097,0.4619,35.15,35.4,ECL,0,0.01626,-0.0087,
OGLE-LMC-HB-0031,RG,4.928961,-68.710972,-99.99,LMC134.2.33954,LMC531.27.57392,-99.99,15.641,17.281,1.64,496.03,0.19,9267.5,0.045,0.3979,62.3,174.2,-99.99,1,0.00559,0.00173,
OGLE-LMC-HB-0032,MS,4.929953,-69.469167,-99.99,LMC135.1.30322,LMC531.10.36099,OGLE-LMC-ECL-03133,13.965,13.923,-0.042,31.089595,0.000057,9013.021,0.248,0.7434,89.9,90,ECL,0,0.001565,-0.00025,
OGLE-LMC-HB-0033,RG,4.930608,-70.031972,-99.99,LMC128.8.19813,LMC530.26.25958,OGLE-LMC-ECL-03149,15.544,17.149,1.605,622.84,0.14,9177.8,0.079,0.5506,88.5,70.5,ECL,1,0.00268,0.0002,
OGLE-LMC-HB-0034,RG,4.932394,-66.936778,-99.99,LMC131.2.50,LMC533.11.22828,OGLE-LMC-ECL-27647,15.05,16.604,1.554,537.06,0.3,9385.5,0.033,0.445,59.9,36.5,-99.99,1,0.00292,0.00075,
OGLE-LMC-HB-0035,RG,4.943517,-72.347167,-99.99,-99.99,LMC507.24.22,2MASS J04563665-7220498,15.512,17.03,1.518,242.594,0.071,9083.6,0.09,0.2296,52.2,68.1,-99.99,1,0.0241,-0.0025,
OGLE-LMC-HB-0036,RG,4.945353,-69.571028,-99.99,LMC128.5.31659,LMC531.10.24,OGLE-LMC-ECL-03512,15.542,17.079,1.537,271.606,0.055,9080.9,0.056,0.2181,51,72.1,OSARG,1,0.01648,-0.00244,
OGLE-LMC-HB-0037,RG,4.946867,-70.355528,-99.99,LMC129.6.18547,LMC530.18.8028,-99.99,15.462,16.939,1.477,392.56,0.31,9028.4,0.026,0.458,44,4.1,-99.99,1,0.00329,-0.00053,
OGLE-LMC-HB-0038,MS,4.949636,-66.389528,-99.99,-99.99,LMC533.28.4396,2MASS J04565868-6623224,15.375,15.368,-0.007,4.18476,0.00014,9000.05,0.014,0.288,34.8,13,ECL,0,0.0049,-0.0017,
OGLE-LMC-HB-0039,RG,4.95,-69.33225,-99.99,LMC127.7.56,LMC531.09.50649,-99.99,14.914,16.301,1.387,356.35,0.28,9030.3,0.021,0.296,45.7,17.8,-99.99,1,0.00511,-0.0006,
OGLE-LMC-HB-0040,RG,4.951117,-70.961278,-99.99,LMC130.6.13839,LMC508.25.10629,-99.99,15.628,17.099,1.471,327.99,0.25,9087.6,0.021,0.247,67,133.9,-99.99,0,0.00378,0.00122,
OGLE-LMC-HB-0041,RG,4.951306,-72.2805,-99.99,-99.99,LMC507.24.10,-99.99,14.373,15.932,1.559,354.75,0.35,9277.8,0.049,0.164,65,35.6,-99.99,1,0.0123,0.0047,
OGLE-LMC-HB-0042,RG,4.952847,-70.973028,-99.99,LMC130.6.13841,LMC508.25.10623,-99.99,15.598,17.16,1.562,575.54,0.28,9472.2,0.039,0.502,56.2,59.4,-99.99,1,0.00278,-0.0004,
OGLE-LMC-HB-0043,MS,4.954742,-69.667056,-99.99,LMC128.5.5858,LMC531.01.45685,OGLE-LMC-ECL-03748,16.231,16.197,-0.034,8.54268,0.0002,9003.64,0.022,0.44,42.6,127.3,ECL,0,0.00339,-0.00163,
OGLE-LMC-HB-0044,RG,4.955106,-69.321278,-99.99,LMC127.7.8481,LMC531.09.50669,-99.99,15.056,16.631,1.575,694.34,0.37,9163.3,0.033,0.511,63,139,TEO,1,0.00195,-0.00006,
OGLE-LMC-HB-0045,MS,4.957247,-69.440639,-99.99,LMC127.8.34170,LMC531.09.42317,OGLE-LMC-ECL-03811,15.876,15.832,-0.044,4.788411,0.000054,9001.224,0.022,0.29,52.9,6,ECL,0,0.00487,-0.00131,
OGLE-LMC-HB-0046,MS,4.963744,-70.204306,-99.99,LMC129.5.19448,LMC509.16.3,-99.99,14.102,14.195,0.093,43.5187,0.0015,9028.8,0.076,0.421,19,77.8,-99.99,1,0.02031,-0.01436,
OGLE-LMC-HB-0047,RG,4.964442,-69.639444,-99.99,LMC128.5.12118,LMC509.25.22191,-99.99,15.817,17.34,1.523,322.17,0.13,9101.1,0.032,0.186,89.9,127.7,-99.99,1,0.00589,0.00252,
OGLE-LMC-HB-0048,RG,4.971789,-72.885194,-99.99,-99.99,LMC507.06.48,EROS2-star lm067-5l-26764,15.061,16.83,1.769,444.5,0.28,9043.6,0.075,0.3103,60.4,13.1,-99.99,1,0.01319,0.00237,
OGLE-LMC-HB-0049,RG,4.975167,-70.748833,-99.99,LMC130.4.77,LMC508.32.133,-99.99,16.122,17.464,1.342,394.2,0.36,9128.8,0.024,0.44,58.3,28.8,-99.99,1,0.00229,0.00014,
OGLE-LMC-HB-0050,MS,4.983603,-69.162333,-99.99,LMC127.6.53509,LMC531.17.42250,OGLE-LMC-ECL-04417,17.114,17.735,0.621,12.88226,0.00013,9001.284,0.111,0.2045,81,25.3,ECL,0,0.02099,0.00117,
OGLE-LMC-HB-0051,RG,4.995789,-69.805111,-99.99,LMC128.3.58,LMC509.24.113,-99.99,15.349,16.61,1.261,342.273,0.09,9221,0.05,0.3072,55,4.8,-99.99,1,0.00999,0.00053,
OGLE-LMC-HB-0052,RG,4.995858,-68.35475,-99.99,LMC125.8.11290,LMC532.08.24428,-99.99,15.984,17.364,1.38,209.46,0.1,9061.3,0.024,0.283,31,158.7,-99.99,1,0.0089,-0.00487,
OGLE-LMC-HB-0053,RG,4.996289,-70.496694,-99.99,LMC129.2.26,LMC509.07.10,-99.99,14.374,15.986,1.612,615.11,0.37,9551.1,0.039,0.454,50.3,46.6,OSARG,1,0.00416,-0.00007,
OGLE-LMC-HB-0054,RG,4.997858,-69.238833,-99.99,LMC127.3.70,LMC531.17.98,-99.99,15.928,17.306,1.378,251.51,0.11,9114.85,0.032,0.688,27.9,84.3,-99.99,0,0.00179,-0.00244,
OGLE-LMC-HB-0055,RG,5.006244,-70.12725,-99.99,LMC128.1.5546,LMC509.15.281,[O96] D050NE-67,16.057,17.371,1.314,197.296,0.051,9175.2,0.032,0.303,31.6,155.8,-99.99,1,0.01116,-0.00649,
OGLE-LMC-HB-0056,RG,5.006311,-69.343028,-99.99,LMC127.2.112,LMC509.32.23387,-99.99,16.517,17.988,1.471,191.79,0.044,9097.6,0.044,0.237,59.7,133.7,-99.99,1,0.00941,0.00059,
OGLE-LMC-HB-0057,RG,5.010069,-68.893556,LMC_SC15_38588,LMC126.1.7,LMC510.15.58,OGLE BRIGHT-LMC-ECL-80,14.161,15.674,1.513,302.521,0.053,9184.4,0.057,0.153,66.1,128.6,-99.99,1,0.01413,0.00376,
OGLE-LMC-HB-0058,RG,5.011631,-67.963778,-99.99,LMC125.3.23519,LMC532.17.3991,-99.99,15.889,17.404,1.515,209.448,0.05,9029.1,0.047,0.1527,76.9,107.6,-99.99,1,0.01011,0.00416,
OGLE-LMC-HB-0059,RG,5.014786,-68.744722,LMC_SC15_102777,LMC126.2.51,LMC510.15.41039,-99.99,15.399,16.821,1.422,419.66,0.21,9386.2,0.025,0.407,62.7,129,-99.99,1,0.00253,0.00029,
OGLE-LMC-HB-0060,RG,5.027922,-68.644639,LMC_SC15_164995,LMC126.3.8382,LMC510.23.129,-99.99,15.107,16.64,1.533,320.85,0.038,9136.74,0.088,0.2758,56.19,152.8,-99.99,1,0.018,0.0027,
OGLE-LMC-HB-0061,RG,5.0288,-70.077222,-99.99,LMC128.1.11830,LMC509.14.150,-99.99,15.324,16.933,1.609,327.868,0.099,9124.7,0.044,0.268,32.86,167.2,OSARG,1,0.01704,-0.00954,
OGLE-LMC-HB-0062,RG,5.0297,-67.487861,-99.99,LMC124.2.19471,LMC511.15.24099,-99.99,16.024,17.383,1.359,239.03,0.11,9059.4,0.023,0.305,50.9,141.1,-99.99,1,0.00478,-0.00039,
OGLE-LMC-HB-0063,RG,5.030608,-66.71375,-99.99,LMC123.4.52,LMC533.17.3575,-99.99,15.021,16.652,1.631,380.97,0.19,9285.9,0.045,0.2471,61,93.8,-99.99,1,0.00953,0.0021,
OGLE-LMC-HB-0064,RG,5.039161,-69.656417,-99.99,LMC120.5.29,LMC509.23.25732,OGLE-LMC-ECL-05622,15.058,16.808,1.75,526.11,0.23,9019.3,0.042,0.3658,77,79.5,ECL,1,0.0042,0.00171,
OGLE-LMC-HB-0065,RG,5.042533,-72.286889,-99.99,-99.99,LMC507.21.75,-99.99,15.754,17.244,1.49,255.375,0.062,9106.5,0.093,0.2934,68.3,64.3,-99.99,1,0.01366,0.00411,
OGLE-LMC-HB-0066,RG,5.043794,-69.144889,LMC_SC14_24301,LMC127.3.72567,LMC510.06.51213,2MASS J05023766-6908416,14.992,16.737,1.745,532.15,0.26,9098,0.038,0.1533,58.4,45.4,OSARG,1,0.01083,-0.00117,
OGLE-LMC-HB-0067,RG,5.047964,-67.472667,-99.99,LMC124.3.9903,LMC511.14.23530,-99.99,15.245,16.753,1.508,371.78,0.24,9269.4,0.025,0.162,64,60.5,-99.99,1,0.0064,0.0016,
OGLE-LMC-HB-0068,RG,5.048297,-69.948167,-99.99,LMC120.7.39,LMC509.13.28188,-99.99,15.546,17.143,1.597,315.48,0.21,9315.3,0.018,0.119,63,63,-99.99,1,0.00535,0.00178,
OGLE-LMC-HB-0069,RG,5.048744,-68.5285,-99.99,LMC126.3.58648,LMC510.23.36207,OGLE-LMC-ECL-05863,16.519,18.207,1.688,178.123,0.022,9157.61,0.087,0.2443,68.7,111,-99.99,1,0.01531,0.00509,
OGLE-LMC-HB-0070,MS,5.051922,-70.677667,-99.99,LMC121.8.4297,LMC508.30.21,-99.99,14.278,14.336,0.058,27.82349,0.00041,9024.01,0.089,0.4761,28.89,89.48,ECL,0,0.02496,-0.0124,
OGLE-LMC-HB-0071,MS,5.052875,-68.643389,LMC_SC14_61334,LMC118.6.1,LMC510.23.38,-99.99,14.648,14.486,-0.162,6.214827,0.000056,9002.333,0.023,0.163,33.8,7.8,-99.99,1,0.013,-0.0059,
OGLE-LMC-HB-0072,MS,5.054894,-67.059222,-99.99,LMC123.1.16263,LMC511.31.66,OGLE-LMC-ECL-06035,15.379,15.193,-0.186,4.57968,0.000043,9002.627,0.019,0.365,40.5,19,ECL,0,0.00395,-0.00162,
OGLE-LMC-HB-0073,RG,5.057097,-71.945056,-99.99,-99.99,LMC507.29.99,-99.99,16.012,17.343,1.331,202.15,0.15,9118.9,0.027,0.222,60,37.3,-99.99,1,0.0062,0.0021,
OGLE-LMC-HB-0074,RG,5.061508,-69.351278,-99.99,LMC119.7.12547,LMC509.30.34591,OGLE-LMC-ECL-06208,15.852,17.254,1.402,694.8,0.39,9631.8,0.027,0.633,65,87.9,ECL,1,0.00069,0.0003,
OGLE-LMC-HB-0075,RG,5.064878,-70.669722,-99.99,LMC121.8.9065,LMC508.29.20212,OGLE-LMC-ECL-06300,15.265,16.896,1.631,474.313,0.075,9119.34,0.121,0.4174,72.1,111.9,OSARG,1,0.00971,0.00284,
OGLE-LMC-HB-0076,RG,5.073089,-70.37275,-99.99,LMC121.6.20906,LMC509.04.28801,-99.99,14.697,16,1.303,376.77,0.27,9253.3,0.021,0.433,65.4,130.9,-99.99,1,0.00174,0.00023,
OGLE-LMC-HB-0077,RG,5.078281,-65.231417,-99.99,-99.99,LMC513.14.80,OGLE-LMC-ECL-29144,15.864,17.111,1.247,312.87,0.8,9307.7,0.013,0.297,49,19,ECL,0,0.00302,-0.00083,
OGLE-LMC-HB-0078,RG,5.079308,-69.252361,LMC_SC14_216143,LMC119.7.79191,LMC510.05.21,EROS2-star lm010-0l-7392,13.838,15.356,1.518,661.15,0.5,9477.7,0.018,0.39,61.5,123.4,-99.99,1,0.00205,0.0006,
OGLE-LMC-HB-0079,RG,5.079681,-70.299778,-99.99,LMC121.6.49805,LMC509.04.29161,-99.99,15.807,17.183,1.376,251.427,0.052,9028.9,0.045,0.374,70.5,119.1,-99.99,1,0.0046,0.00133,
OGLE-LMC-HB-0080,RG,5.080622,-72.025972,-99.99,-99.99,LMC507.28.4,-99.99,13.871,15.26,1.389,811.8,1.1,9491.7,0.052,0.473,74.3,94.8,OSARG/ECL,0,0.00314,0.00041,
OGLE-LMC-HB-0081,RG,5.080736,-71.868111,-99.99,-99.99,LMC507.28.9270,-99.99,15.872,17.367,1.495,682.6,1.2,9010.1,0.044,0.533,89.5,123.1,-99.99,1,0.0017,0.00067,
OGLE-LMC-HB-0082,RG,5.08485,-70.257528,-99.99,LMC121.5.22054,LMC509.04.28977,-99.99,15.086,16.584,1.498,449.24,0.41,9047.9,0.024,0.204,70.6,24.1,OSARG,1,0.005,0.0026,
OGLE-LMC-HB-0083,RG,5.085867,-68.810028,LMC_SC13_30515,LMC118.7.21722,LMC510.12.55826,2MASS J05050911-6848361,14.37,15.572,1.202,205.453,0.021,9072.3,0.065,0.175,62.4,60,-99.99,1,0.01599,0.00228,
OGLE-LMC-HB-0084,MS,5.102011,-68.099917,-99.99,LMC117.7.57839,LMC510.29.35110,-99.99,14.546,14.635,0.089,61.1213,0.0052,9003.57,0.044,0.437,19.6,1,-99.99,1,0.0078,-0.0071,
OGLE-LMC-HB-0085,RG,5.102678,-67.20125,-99.99,LMC116.5.12988,LMC511.21.19128,-99.99,15.514,16.767,1.253,227.618,0.064,9110.5,0.035,0.224,58.5,77.8,-99.99,1,0.00826,0.00059,
OGLE-LMC-HB-0086,RG,5.102761,-68.531333,LMC_SC13_121909,LMC118.6.66983,LMC510.21.50887,-99.99,15.63,17.145,1.515,318.22,0.15,9213.3,0.024,0.152,72,37.9,-99.99,1,0.0055,0.00224,
OGLE-LMC-HB-0087,RG,5.103025,-69.842722,LMC_SC12_66110,LMC120.2.38013,LMC509.20.110,EROS2-star lm010-4m-15619,15.141,16.897,1.756,394.19,0.1,9092.2,0.045,0.18,46.5,15.5,-99.99,1,0.01651,-0.00151,
OGLE-LMC-HB-0088,RG,5.104478,-71.087972,-99.99,LMC122.2.73,LMC508.20.53,-99.99,15.107,16.622,1.515,278.188,0.093,9064.7,0.033,0.246,52.3,65,-99.99,1,0.00828,-0.00133,
OGLE-LMC-HB-0089,RG,5.104689,-71.249083,-99.99,LMC122.1.59,LMC508.11.12166,OGLE-LMC-ECL-07389,15.722,17.176,1.454,300.313,0.063,9238.7,0.06,0.283,68.8,121.2,-99.99,1,0.00918,0.00145,
OGLE-LMC-HB-0090,RG,5.104825,-69.659333,LMC_SC12_127079,LMC120.4.128,LMC509.20.33397,-99.99,15.815,17.273,1.458,241.919,0.063,9024.4,0.028,0.1217,66,121.5,-99.99,1,0.0076,0.00311,
OGLE-LMC-HB-0091,RG,5.108931,-71.022861,-99.99,LMC122.2.87,LMC508.20.91,-99.99,15.436,16.853,1.417,302.97,0.26,9213.5,0.02,0.19,62,4.7,-99.99,1,0.00515,0.00267,
OGLE-LMC-HB-0092,RG,5.109308,-69.955722,LMC_SC12_114069,LMC120.2.8553,LMC509.11.29072,-99.99,15.571,17.153,1.582,478.94,0.14,9284.6,0.04,0.412,68.1,91.9,-99.99,1,0.00373,0.00053,
OGLE-LMC-HB-0093,MS,5.110364,-70.563444,-99.99,LMC121.2.7780,LMC508.28.22525,-99.99,14.131,14.253,0.122,19.88353,0.00066,9010.56,0.035,0.349,13.6,112,-99.99,1,0.0117,-0.01,
OGLE-LMC-HB-0094,RG,5.111472,-69.101139,LMC_SC13_142608,LMC119.3.55461,LMC510.04.57410,-99.99,14.828,16.265,1.437,238.307,0.049,9009.5,0.041,0.2467,51.6,36.1,-99.99,1,0.01015,-0.00114,
OGLE-LMC-HB-0095,RG,5.112764,-68.569167,LMC_SC13_183882,LMC118.3.47258,-99.99,-99.99,15.863,17.61,1.747,289.612,0.1,9253.2,0.058,0.2937,70.3,169,-99.99,1,0.0096,0.00316,
OGLE-LMC-HB-0096,RG,5.116108,-68.306833,LMC_SC13_270397,LMC117.1.43,LMC510.28.163,2MASS J05065800-6818245,15.319,17.003,1.684,376.973,0.071,9143.5,0.066,0.1904,88.7,124.9,OSARG,1,0.01196,0.00353,
OGLE-LMC-HB-0097,RG,5.1164,-68.053639,-99.99,LMC117.3.16,LMC511.04.75,-99.99,15.343,16.845,1.502,323.39,0.16,9099.8,0.021,0.202,63,105.5,-99.99,0,0.00479,0.00129,
OGLE-LMC-HB-0098,RG,5.122983,-71.720389,-99.99,-99.99,LMC508.02.106,-99.99,15.985,17.459,1.474,382.91,0.57,9005.9,0.026,0.401,50.7,152.8,-99.99,1,0.00363,0.0003,
OGLE-LMC-HB-0099,RG,5.123803,-71.364722,-99.99,-99.99,LMC508.10.59,-99.99,15.008,16.402,1.394,408.9,1,9188,0.016,0.167,41.9,154,-99.99,1,0.0069,-0.0023,
OGLE-LMC-HB-0100,RG,5.127228,-68.122389,-99.99,LMC117.2.38630,LMC510.28.36446,OGLE-LMC-ECL-29660,15.137,16.726,1.589,667.55,0.55,9555.6,0.034,0.462,49.1,116.9,ECL,0,0.0038,-0.00142,
OGLE-LMC-HB-0101,RG,5.128517,-71.541083,-99.99,-99.99,LMC508.02.11427,EROS2-star lm055-7m-6696,15.019,16.562,1.543,371.68,0.29,9091.3,0.072,0.34,67.7,34.3,TEO,1,0.0093,0.00204,
OGLE-LMC-HB-0102,RG,5.130206,-69.058694,LMC_SC11_49414,LMC119.4.27179,LMC510.03.54301,-99.99,16.14,17.517,1.377,215.261,0.064,9003.7,0.024,0.194,67.8,162.6,-99.99,1,0.00557,0.00192,
OGLE-LMC-HB-0103,RG,5.132561,-67.030972,-99.99,LMC115.2.50,LMC511.28.88,-99.99,15.386,16.954,1.568,633.27,0.47,9437.5,0.028,0.511,47.8,166.2,-99.99,1,0.00238,-0.00052,
OGLE-LMC-HB-0104,RG,5.133781,-68.250944,-99.99,LMC117.1.45895,LMC510.28.226,-99.99,15.917,17.385,1.468,222.032,0.033,9201.76,0.064,0.2845,47.37,27.4,ECL,1,0.01583,-0.0032,
OGLE-LMC-HB-0105,RG,5.135,-69.534583,-99.99,LMC119.1.24260,LMC509.27.403,OGLE-LMC-ECL-29749,16.086,17.481,1.395,414.42,0.39,9286.6,0.018,0.295,57.1,109.9,-99.99,1,0.00328,0.00043,
OGLE-LMC-HB-0106,RG,5.135142,-70.017278,-99.99,-99.99,LMC509.10.31276,-99.99,13.257,14.794,1.537,1264.7,3.3,9673.6,0.033,0.49,51.6,149.4,-99.99,1,0.00276,-0.00067,
OGLE-LMC-HB-0107,MS,5.1353,-71.180722,-99.99,LMC122.1.13841,LMC508.10.13632,OGLE-LMC-ECL-29752,15.019,14.876,-0.143,8.20402,0.00019,9004.16,0.015,0.502,31.7,121,ECL,0,0.00237,-0.0016,
OGLE-LMC-HB-0108,RG,5.137753,-69.241861,LMC_SC11_118732,LMC119.3.27676,LMC510.03.218,-99.99,15.673,16.991,1.318,220.295,0.074,9031.6,0.02,0.183,67,35.9,-99.99,1,0.00453,0.00146,
OGLE-LMC-HB-0109,RG,5.138275,-68.661944,-99.99,LMC118.2.83425,LMC510.20.63,EROS2-star lm018-4l-25595,14.168,15.584,1.416,477.32,0.97,9468.8,0.014,0.398,19.1,19,TEO,1,0.0031,-0.0033,
OGLE-LMC-HB-0110,MS,5.138497,-70.627778,-99.99,LMC121.1.44397,LMC508.27.25058,OGLE-LMC-ECL-08260,16.807,17.088,0.281,7.49809,0.00011,9006.044,0.031,0.327,45.7,179.3,ECL,0,0.00701,-0.00269,
OGLE-LMC-HB-0111,RG,5.146186,-69.340972,LMC_SC11_200748,LMC119.2.38010,LMC509.27.46503,OGLE-LMC-ECL-08446,15.538,17.329,1.791,468.96,0.31,9054.6,0.024,0.122,70,44.2,ECL,0,0.00616,0.00193,
OGLE-LMC-HB-0112,RG,5.156033,-68.49,-99.99,LMC118.4.28145,LMC510.19.47355,OGLE-LMC-ECL-08689,13.602,14.867,1.265,424.15,0.1,9075.2,0.066,0.2603,82.5,166.2,ECL,1,0.01101,0.00501,
OGLE-LMC-HB-0113,RG,5.162514,-68.564111,-99.99,LMC110.6.34695,LMC510.19.686,-99.99,16.013,17.373,1.36,250.953,0.066,9015.1,0.037,0.316,58.9,29.7,-99.99,1,0.00618,0.00146,
OGLE-LMC-HB-0114,MS,5.163592,-68.879667,LMC_SC11_331601,LMC110.8.43400,LMC510.10.378,-99.99,14.91,15.067,0.157,56.32957,0.00098,9026.06,0.135,0.2672,20.86,36.2,ECL,0,0.0655,-0.0438,
OGLE-LMC-HB-0115,RG,5.164839,-69.576778,LMC_SC11_268670,LMC112.5.48492,LMC509.26.89,-99.99,15.278,16.941,1.663,448.82,0.11,9352.9,0.048,0.2999,58.5,25.1,OSARG,1,0.00857,0.00148,
OGLE-LMC-HB-0116,RG,5.169203,-69.005528,LMC_SC10_45024,LMC111.5.53575,-99.99,-99.99,16.175,17.786,1.611,323.3,0.2,9322.9,0.026,0.107,51.1,167.5,-99.99,1,0.0105,0.0004,
OGLE-LMC-HB-0117,RG,5.174061,-70.410944,-99.99,LMC113.6.17204,LMC509.01.292,-99.99,15.661,17.08,1.419,645.46,0.25,9137.8,0.043,0.589,61,116.4,-99.99,1,0.00155,-0.00008,
OGLE-LMC-HB-0118,RG,5.174139,-69.077667,LMC_SC10_40305,LMC111.5.11102,LMC510.01.56739,MACHO 79.4898.21,13.929,15.091,1.162,303.854,0.059,9173.8,0.049,0.1216,59.1,57,-99.99,1,0.01497,0.00123,
OGLE-LMC-HB-0119,RG,5.1746,-67.236889,-99.99,LMC108.5.22,LMC511.19.18240,-99.99,14.41,15.909,1.499,856.73,0.89,9309.6,0.024,0.519,58.9,52.1,-99.99,1,0.00146,-0.00051,
OGLE-LMC-HB-0120,RG,5.177047,-69.053639,LMC_SC10_114314,LMC111.5.11109,LMC510.01.56670,2MASS J05103732-6903127,13.176,14.801,1.625,647.43,0.22,9269.5,0.058,0.1474,89.2,115.5,-99.99,1,0.01205,0.0057,
OGLE-LMC-HB-0121,RG,5.179689,-69.864167,-99.99,LMC112.7.62159,LMC509.18.331,-99.99,16.127,17.605,1.478,257.819,0.083,9002,0.03,0.386,76,103.7,-99.99,1,0.00277,0.00118,
OGLE-LMC-HB-0122,MS,5.179881,-70.179611,-99.99,LMC113.5.57837,LMC509.09.96,UCAC2 1555512,14.799,15.025,0.226,259.478,0.026,9145.82,0.097,0.4055,65.2,56.8,-99.99,1,0.00917,0.00066,
OGLE-LMC-HB-0123,RG,5.18025,-67.920694,-99.99,LMC109.6.24766,LMC511.01.24673,OGLE-LMC-ECL-09305,15.506,17.054,1.548,233.589,0.026,9016.9,0.082,0.3551,89.9,57.7,ECL,0,0.00796,0.00118,
OGLE-LMC-HB-0124,RG,5.1836,-69.240278,LMC_SC10_100669,LMC111.6.19813,LMC510.01.615,-99.99,15.601,17.022,1.421,282.86,0.1,9166.7,0.025,0.191,69,47.5,-99.99,1,0.00539,0.00142,
OGLE-LMC-HB-0125,RG,5.187681,-69.469389,LMC_SC10_81884,LMC111.8.52586,LMC503.16.63783,-99.99,14.604,16.291,1.687,487.57,0.24,9315.6,0.028,0.111,89.5,45.5,-99.99,1,0.00648,0.0035,
OGLE-LMC-HB-0126,RG,5.190392,-68.696417,LMC_SC10_212785,LMC110.7.60646,LMC510.09.55343,-99.99,15.9,17.242,1.342,172.539,0.029,9104.3,0.035,0.2137,54.5,34.8,-99.99,1,0.00906,0.00041,
OGLE-LMC-HB-0127,RG,5.192553,-71.552722,-99.99,-99.99,LMC501.25.4944,OGLE-LMC-ECL-30351,16.24,17.574,1.334,187.905,0.079,9075.8,0.054,0.295,77.9,78.2,-99.99,1,0.00708,0.0027,
OGLE-LMC-HB-0128,RG,5.192989,-69.066139,LMC_SC10_185850,LMC111.5.22540,LMC503.25.86843,-99.99,13.552,15.296,1.744,924.73,0.32,9875.7,0.06,0.4752,53.2,139.9,OSARG,1,0.00532,-0.00109,
OGLE-LMC-HB-0129,RG,5.193739,-68.812833,LMC_SC10_203846,LMC110.8.64824,LMC510.09.54673,-99.99,15.41,17.139,1.729,447.83,0.27,9187.7,0.028,0.187,87.9,131.7,-99.99,1,0.00518,0.00204,
OGLE-LMC-HB-0130,RG,5.197281,-71.521,-99.99,-99.99,LMC501.25.8028,OGLE-LMC-ECL-30428,15.542,17.219,1.677,431.59,0.59,9181.2,0.033,0.173,65,117.8,-99.99,1,0.0078,0.0032,
OGLE-LMC-HB-0131,RG,5.200036,-69.143944,-99.99,LMC111.6.76127,LMC503.25.75602,-99.99,14.416,16.363,1.947,643.54,0.44,9303.5,0.038,0.2839,55.1,17.6,OSARG,1,0.00801,0.00034,
OGLE-LMC-HB-0132,RG,5.200631,-67.249111,-99.99,LMC108.5.16768,LMC511.18.17457,-99.99,16.239,17.791,1.552,259.49,0.11,9045,0.029,0.218,72.6,18.8,-99.99,1,0.00573,0.00245,
OGLE-LMC-HB-0133,RG,5.203542,-69.579694,LMC_SC10_217475,LMC112.5.87740,LMC503.16.30,-99.99,15.354,16.981,1.627,304.575,0.057,9073.9,0.045,0.1233,49.6,130.1,OSARG,1,0.0176,-0.00115,
OGLE-LMC-HB-0134,RG,5.203983,-69.531778,LMC_SC10_221385,LMC111.8.27803,LMC503.16.158,-99.99,15.884,17.337,1.453,221.54,0.068,9059.8,0.024,0.176,56.8,20.5,-99.99,1,0.00694,0.00084,
OGLE-LMC-HB-0135,RG,5.205097,-69.284528,LMC_SC10_240320,LMC111.7.70555,LMC503.25.51,2MASS J05121835-6917042,15.242,17.266,2.024,439.417,0.044,9358,0.12,0.1303,61.8,155.4,OSARG/ECL,1,0.03538,0.01012,
OGLE-LMC-HB-0136,RG,5.207317,-68.76875,LMC_SC10_283196,LMC110.7.32072,LMC510.08.56268,-99.99,15.296,16.753,1.457,565.75,0.26,9435.2,0.033,0.346,73.9,40.7,-99.99,1,0.00371,0.00099,
OGLE-LMC-HB-0137,RG,5.208189,-69.369083,LMC_SC10_235359,LMC111.7.32270,LMC503.16.25822,-99.99,15.817,17.396,1.579,237.045,0.034,9152.9,0.057,0.2515,42.52,151.1,-99.99,1,0.01833,-0.00522,
OGLE-LMC-HB-0138,RG,5.212692,-70.953306,-99.99,LMC114.3.123,LMC502.07.27387,-99.99,15.681,17.086,1.405,221.02,0.097,9185.8,0.022,0.263,45.4,32,-99.99,1,0.00627,-0.0015,
OGLE-LMC-HB-0139,RG,5.213164,-72.321278,-99.99,-99.99,LMC501.07.24,-99.99,15.379,16.97,1.591,536.84,0.52,9069.7,0.046,0.423,88.3,172,-99.99,1,0.00414,0.00101,
OGLE-LMC-HB-0140,RG,5.214322,-69.173056,LMC_SC9_52007,LMC111.3.253,LMC503.25.12732,-99.99,16.526,17.623,1.097,136.394,0.031,9018.8,0.028,0.211,52.1,15.4,-99.99,1,0.008,-0.00012,
OGLE-LMC-HB-0141,RG,5.215558,-68.416778,-99.99,LMC110.4.24543,LMC510.17.45853,-99.99,15.068,16.814,1.746,469.12,0.14,9086.6,0.07,0.2899,55.4,41.5,OSARG,1,0.01353,-0.00056,
OGLE-LMC-HB-0142,RG,5.216536,-70.712528,-99.99,LMC113.1.37,LMC502.15.27830,-99.99,16.016,17.461,1.445,276.303,0.066,9101.9,0.05,0.2127,58.5,175,-99.99,1,0.01311,0.00113,
OGLE-LMC-HB-0143,RG,5.218478,-69.649028,-99.99,LMC112.4.123,LMC503.07.79142,OGLE-LMC-ECL-10158,16.341,18.035,1.694,225.085,0.039,9019.9,0.058,0.3056,67.6,71.2,-99.99,1,0.00821,0.00234,
OGLE-LMC-HB-0144,RG,5.223497,-70.938306,-99.99,LMC114.3.158,LMC502.07.8773,-99.99,16.043,17.495,1.452,363.17,0.3,9318.4,0.033,0.37,81.8,135.2,-99.99,1,0.00314,0.00059,
OGLE-LMC-HB-0145,RG,5.225606,-68.69675,-99.99,LMC110.2.36230,LMC503.32.69604,-99.99,15.52,17.219,1.699,495.51,0.17,9380.1,0.056,0.287,75,40.5,-99.99,1,0.00803,0.00354,
OGLE-LMC-HB-0146,RG,5.225833,-68.938806,LMC_SC9_171994,LMC110.1.312,LMC503.32.40864,-99.99,16.584,18.079,1.495,180.048,0.029,9107.1,0.036,0.281,41.1,178.7,-99.99,1,0.01087,-0.00319,
OGLE-LMC-HB-0147,RG,5.228469,-68.951722,LMC_SC9_166100,LMC110.1.10688,LMC503.32.40832,-99.99,16.688,17.981,1.293,204.862,0.071,9028,0.023,0.138,51.8,179.8,ECL,0,0.0084,-0.0001,
OGLE-LMC-HB-0148,RG,5.228975,-71.65825,-99.99,-99.99,LMC501.24.2342,OGLE-LMC-ECL-30750,16.636,17.928,1.292,186.245,0.098,9014.5,0.038,0.28,54.5,56.9,-99.99,1,0.0079,-0.0005,
OGLE-LMC-HB-0149,RG,5.229894,-69.51375,LMC_SC9_109459,LMC111.1.9860,LMC503.15.12706,-99.99,15.592,17.145,1.553,306.27,0.11,9269.3,0.029,0.1022,48.3,60.2,-99.99,1,0.0127,-0.0021,
OGLE-LMC-HB-0150,RG,5.231361,-69.790833,-99.99,LMC112.3.12737,LMC503.07.10072,EROS2-star lm009-4m-6298,15.913,17.172,1.259,180.009,0.021,9074.77,0.059,0.2925,77.7,158.2,-99.99,1,0.00864,0.00606,
OGLE-LMC-HB-0151,RG,5.234681,-69.112278,LMC_SC9_250295,LMC111.3.61154,LMC503.24.28329,2MASS J05140485-6906441,14.94,16.638,1.698,368.292,0.044,9028.36,0.148,0.2746,72.3,69.38,TEO,1,0.02184,0.00852,
OGLE-LMC-HB-0152,RG,5.244733,-70.278833,-99.99,LMC113.3.55987,LMC502.23.47959,2MASS J05144103-7016437,13.635,15.435,1.8,593.2,0.52,9492.1,0.044,0.1517,54.5,147.6,TEO,1,0.0141,0.0017,
OGLE-LMC-HB-0153,RG,5.245056,-71.203389,-99.99,LMC114.1.10850,LMC501.31.24834,EROS2-star lm056-5m-9582,14.707,16.264,1.557,360.1,0.35,9259.2,0.029,0.242,32.7,123.4,-99.99,1,0.0149,-0.0083,
OGLE-LMC-HB-0154,MS,5.245644,-69.125944,-99.99,LMC111.3.73023,LMC503.23.91397,OGLE-LMC-ECL-10834,16.723,17.068,0.345,11.074844,0.000039,9002.396,0.191,0.1229,89.9,68.7,ECL,0,0.04167,0.00937,
OGLE-LMC-HB-0155,RG,5.247197,-68.982778,LMC_SC9_372309,LMC111.4.66666,-99.99,-99.99,15.566,17.149,1.583,322.17,0.11,9059.3,0.06,0.2609,64.3,149.7,-99.99,1,0.01114,0.00159,
OGLE-LMC-HB-0156,RG,5.247331,-68.755139,-99.99,LMC110.2.18888,LMC503.31.66290,-99.99,16.013,17.495,1.482,249.355,0.06,9160.4,0.045,0.2863,62.1,24.9,-99.99,1,0.00796,0.00164,
OGLE-LMC-HB-0157,MS,5.247394,-69.085722,-99.99,LMC111.4.22579,LMC503.23.91256,OGLE-LMC-ECL-10876,15.84,15.786,-0.054,6.45023,0.000074,9003.007,0.025,0.276,52.3,160.1,ECL,0,0.0057,-0.00087,
OGLE-LMC-HB-0158,RG,5.247694,-69.589528,LMC_SC9_291832,LMC112.4.85258,LMC503.14.69459,-99.99,15.812,17.31,1.498,394.997,0.087,9046.9,0.05,0.3663,81.1,36.3,-99.99,1,0.005,0.00275,
OGLE-LMC-HB-0159,RG,5.251303,-69.511194,LMC_SC8_21352,LMC111.1.21424,LMC503.14.83048,-99.99,14.476,15.839,1.363,268.329,0.09,9244.8,0.021,0.1238,65,58.8,-99.99,0,0.00567,0.00166,
OGLE-LMC-HB-0160,RG,5.251642,-69.352167,-99.99,LMC111.2.22931,LMC503.14.114582,OGLE-LMC-ECL-10992,16.265,17.651,1.386,255.705,0.062,9044,0.047,0.305,86.8,60.3,ECL,0,0.0056,0.00187,
OGLE-LMC-HB-0161,RG,5.259194,-69.056167,LMC_SC8_70594,LMC111.4.35042,LMC503.23.47687,-99.99,16.215,17.633,1.418,232.852,0.082,9222.1,0.021,0.14,63,38.8,-99.99,1,0.00579,0.0027,
OGLE-LMC-HB-0162,RG,5.266181,-69.325083,-99.99,LMC100.7.71417,LMC503.14.53789,OGLE-LMC-ECL-11356,15.543,16.679,1.136,295.19,0.22,9140.8,0.014,0.266,58.3,174.6,ECL,0,0.00303,0.00018,
OGLE-LMC-HB-0163,RG,5.270378,-69.718,LMC_SC8_95352,LMC103.6.53292,LMC503.06.25387,OGLE-LMC-ECL-11458,15.435,17.128,1.693,425.97,0.15,9410.8,0.032,0.244,65.6,52.1,-99.99,1,0.00586,0.00137,
OGLE-LMC-HB-0164,MS,5.271661,-67.229306,-99.99,-99.99,LMC505.06.12632,OGLE-LMC-ECL-31109,15.543,15.386,-0.157,4.7201,0.00015,9002.56,0.014,0.35,40,150,ECL,0,0.0032,-0.00108,
OGLE-LMC-HB-0165,RG,5.272861,-69.043611,LMC_SC8_254091,LMC100.5.99,LMC503.23.47709,-99.99,15.748,17.313,1.565,514.41,0.2,9298,0.036,0.437,63.3,161.9,-99.99,1,0.00343,0.00113,
OGLE-LMC-HB-0166,RG,5.273675,-67.883833,-99.99,LMC102.5.50,LMC504.23.18072,OGLE-LMC-ECL-11523,15.931,17.402,1.471,482.86,0.23,9287.8,0.03,0.513,65.7,65.6,-99.99,1,0.00159,0.00013,
OGLE-LMC-HB-0167,MS,5.273725,-69.482,LMC_SC8_211874,LMC100.8.138,LMC503.13.85800,[BE74] 232,15.065,15.312,0.247,242.67,0.059,9056.6,0.038,0.152,21.32,22.3,OSARG/ECL,0,0.0323,-0.0247,
OGLE-LMC-HB-0168,RG,5.274097,-67.648639,-99.99,-99.99,LMC504.31.3862,MACHO 16.5887.21,15.371,17.11,1.739,495.61,0.42,9216.1,0.046,0.378,89,102.9,OSARG,1,0.00406,0.00219,
OGLE-LMC-HB-0169,RG,5.274631,-69.523833,LMC_SC8_205189,LMC100.8.322,LMC503.13.85866,MACHO 78.5859.195,15.916,17.361,1.445,237.808,0.053,9095.7,0.029,0.269,49,178.1,-99.99,1,0.00764,-0.001,
OGLE-LMC-HB-0170,RG,5.274631,-68.991083,LMC_SC8_259609,LMC100.5.64296,-99.99,-99.99,15.644,17.288,1.644,413.19,0.33,9189.3,0.035,0.299,67.9,64.7,-99.99,1,0.00516,0.00182,
OGLE-LMC-HB-0171,RG,5.277161,-69.510972,LMC_SC8_205089,LMC100.8.17735,LMC503.13.85711,-99.99,14.203,15.642,1.439,468.38,0.19,9173.1,0.025,0.412,83.2,85.3,-99.99,1,0.00191,0.0006,
OGLE-LMC-HB-0172,RG,5.280833,-69.179833,LMC_SC8_242661,LMC100.6.16855,LMC503.22.72076,2MASS J05165101-6910473,15.205,16.9,1.695,421.701,0.08,9329.1,0.049,0.2682,61.4,104,OSARG,1,0.00925,0.00088,
OGLE-LMC-HB-0173,RG,5.281367,-69.014,LMC_SC8_259589,LMC100.5.79446,LMC503.22.103041,MACHO 79.5867.522,15.945,17.496,1.551,277.49,0.061,9052.7,0.039,0.1061,50.4,30.2,-99.99,1,0.0156,-0.0021,
OGLE-LMC-HB-0174,RG,5.283594,-69.96325,-99.99,LMC103.7.10016,LMC502.30.61076,-99.99,16.193,17.712,1.519,328.43,0.21,9312.3,0.023,0.255,64.9,113.2,-99.99,1,0.00424,0.00153,
OGLE-LMC-HB-0175,RG,5.286636,-68.171611,-99.99,LMC102.7.90,LMC504.13.33130,-99.99,15.425,17.105,1.68,546.06,0.34,9252.7,0.025,0.388,69.4,0.3,-99.99,1,0.00307,0.00208,
OGLE-LMC-HB-0176,RG,5.2876,-69.433861,LMC_SC8_312333,LMC100.8.91732,LMC503.13.36147,MACHO 78.5981.185,16.183,17.39,1.207,207.507,0.062,9106.6,0.025,0.137,88.8,124.5,-99.99,1,0.00548,0.0027,
OGLE-LMC-HB-0177,RG,5.287894,-70.626222,-99.99,LMC104.8.33810,LMC502.13.11936,-99.99,15.344,17.033,1.689,613.02,0.24,9121.4,0.053,0.386,76.3,60.8,-99.99,1,0.00477,0.00112,
OGLE-LMC-HB-0178,RG,5.288494,-70.556694,-99.99,LMC104.7.15777,LMC502.13.18496,-99.99,15.765,17.267,1.502,313.41,0.15,9177.1,0.024,0.325,55.5,135,-99.99,1,0.0041,0.00006,
OGLE-LMC-HB-0179,RG,5.288561,-70.619028,-99.99,LMC104.8.40822,LMC502.13.11938,EROS2-star lm057-0k-24951,15.126,16.635,1.509,469.9,0.3,9036.8,0.03,0.333,65.5,63.2,-99.99,1,0.004,0.00087,
OGLE-LMC-HB-0180,RG,5.290172,-67.030278,-99.99,-99.99,LMC505.13.156,OGLE-LMC-ECL-31330,16.338,17.613,1.275,247.08,0.14,9109.1,0.045,0.432,72.2,52.4,ECL,0,0.00346,0.00127,
OGLE-LMC-HB-0181,RG,5.291711,-69.517667,LMC_SC7_47323,LMC100.8.36044,LMC503.13.17215,-99.99,15.381,17.128,1.747,462.72,0.21,9242.2,0.033,0.1327,55.9,43.3,OSARG,1,0.01066,0.00107,
OGLE-LMC-HB-0182,RG,5.293911,-69.813444,LMC_SC7_6479,LMC103.6.24693,LMC503.05.11227,-99.99,15.467,17.036,1.569,297.179,0.044,9037.2,0.054,0.3188,68.9,145.5,-99.99,1,0.00745,0.0027,
OGLE-LMC-HB-0183,RG,5.294403,-69.182667,LMC_SC7_86345,LMC100.6.34065,LMC503.22.14206,-99.99,15.517,17.151,1.634,392.5,0.22,9384.9,0.018,0.165,58.5,176.6,-99.99,1,0.00552,0.00102,
OGLE-LMC-HB-0184,RG,5.295378,-70.50725,-99.99,LMC104.7.46890,LMC502.22.41,-99.99,15.694,17.294,1.6,381.13,0.23,9017.2,0.03,0.241,62.4,164.9,-99.99,1,0.0065,0.00293,
OGLE-LMC-HB-0185,MS,5.295783,-69.627667,LMC_SC7_30350,LMC103.5.30548,-99.99,OGLE-LMC-ECL-12035,16.482,16.925,0.443,31.19359,0.00026,9004.584,0.185,0.5672,64.5,73.6,ECL,0,0.00707,-0.00059,
OGLE-LMC-HB-0186,MS,5.295853,-69.721306,-99.99,LMC103.6.78707,LMC503.05.26668,-99.99,14.136,14.044,-0.092,12.64554,0.00025,9008.827,0.018,0.482,35.3,131.3,-99.99,1,0.00302,-0.00157,
OGLE-LMC-HB-0187,RG,5.296203,-69.485889,LMC_SC7_47362,LMC100.8.36081,LMC503.13.17252,OGLE-LMC-ECL-12055,15.233,16.897,1.664,458.976,0.067,9235.8,0.059,0.3264,56.5,100.7,OSARG,1,0.01014,0.0005,
OGLE-LMC-HB-0188,RG,5.302825,-70.353306,-99.99,LMC104.6.49474,LMC502.21.43786,-99.99,15.538,17.213,1.675,392.975,0.084,9295.4,0.057,0.3166,59.1,25.9,-99.99,1,0.00943,0.00243,
OGLE-LMC-HB-0189,RG,5.304075,-70.630944,-99.99,LMC104.8.48049,LMC502.12.36222,-99.99,16.133,17.6,1.467,276.3,0.11,9221.2,0.03,0.272,58.2,114.6,-99.99,1,0.00586,0.00019,
OGLE-LMC-HB-0190,RG,5.304339,-70.121306,-99.99,LMC103.8.15850,LMC502.29.50438,-99.99,15.871,17.357,1.486,269.916,0.054,9072,0.057,0.2999,89.1,141.5,ECL,1,0.00732,0.00308,
OGLE-LMC-HB-0191,RG,5.305206,-69.130889,-99.99,LMC100.6.119403,LMC503.21.89773,-99.99,15.566,17.32,1.754,462.61,0.28,9094.4,0.028,0.176,67.8,67.3,-99.99,1,0.00633,0.00174,
OGLE-LMC-HB-0192,RG,5.305294,-70.295167,-99.99,LMC104.6.57561,LMC502.21.51427,-99.99,15.768,17.222,1.454,795.53,0.83,9549.9,0.024,0.559,68,72.5,-99.99,1,0.00095,0.00063,
OGLE-LMC-HB-0193,RG,5.309575,-69.759167,LMC_SC7_126920,LMC103.6.93463,LMC503.04.92343,-99.99,15.609,16.96,1.351,279.616,0.046,9116.6,0.045,0.2272,63.1,16,-99.99,1,0.00992,0.00317,
OGLE-LMC-HB-0194,MS,5.311028,-69.543222,-99.99,LMC100.8.54192,LMC503.12.73694,OGLE-LMC-ECL-12444,15.515,15.412,-0.103,11.95267,0.0002,9005.88,0.025,0.511,31.7,5,ECL,0,0.00282,-0.00133,
OGLE-LMC-HB-0195,RG,5.313614,-69.638694,LMC_SC7_262916,LMC103.5.47365,LMC503.04.109567,-99.99,15.664,17.466,1.802,530.79,0.23,9130.3,0.036,0.3339,63.8,177.7,-99.99,1,0.00583,0.0024,
OGLE-LMC-HB-0196,RG,5.314192,-70.045056,-99.99,LMC103.8.58342,LMC502.29.60649,-99.99,15.995,17.468,1.473,420.02,0.5,9161.9,0.015,0.207,60,44.1,-99.99,1,0.0035,0.00104,
OGLE-LMC-HB-0197,RG,5.314458,-69.497528,LMC_SC7_286794,LMC100.8.54592,LMC503.12.89757,-99.99,16.511,18.023,1.512,232.874,0.067,9023,0.034,0.181,59,46.2,-99.99,1,0.00873,0.00071,
OGLE-LMC-HB-0198,RG,5.315517,-69.43825,LMC_SC7_295270,LMC100.8.129527,LMC503.12.108171,-99.99,15.881,17.598,1.717,313.26,0.13,9182.2,0.027,0.187,81.7,62.2,-99.99,1,0.00507,0.00157,
OGLE-LMC-HB-0199,RG,5.317692,-69.654611,LMC_SC7_262889,LMC103.5.47406,LMC503.04.49614,-99.99,15.426,17.174,1.748,397.707,0.052,9057.5,0.098,0.3219,89.6,88.7,OSARG,1,0.01112,0.0046,
OGLE-LMC-HB-0200,RG,5.317911,-69.318167,LMC_SC7_311552,LMC100.2.71081,LMC503.12.57540,2MASS J05190448-6919053,15.001,16.58,1.579,439.93,0.14,9049.4,0.045,0.227,60.5,123.1,-99.99,1,0.00979,0.00126,
OGLE-LMC-HB-0201,RG,5.320567,-69.854778,LMC_SC7_239705,LMC103.2.50765,LMC503.04.13750,-99.99,15.028,15.887,0.859,98.5696,0.0073,9046.37,0.034,0.2899,66.7,150.4,-99.99,1,0.00553,0.00173,
OGLE-LMC-HB-0202,RG,5.320756,-69.876944,-99.99,LMC103.2.50842,LMC503.04.192,-99.99,15.683,17.139,1.456,279.81,0.072,9052.6,0.042,0.3076,63.4,146.9,ECL,1,0.00648,0.00052,
OGLE-LMC-HB-0203,RG,5.32215,-69.665639,LMC_SC7_262876,LMC103.4.131,LMC503.04.49587,-99.99,15.663,17.329,1.666,583.24,0.17,9055.7,0.051,0.4926,57.5,139.4,-99.99,1,0.0037,0.00065,
OGLE-LMC-HB-0204,RG,5.323994,-70.32,-99.99,LMC104.3.37420,LMC502.21.14472,-99.99,16.505,17.815,1.31,165.765,0.049,9159.4,0.031,0.301,88.8,71.6,-99.99,1,0.00379,0.00097,
OGLE-LMC-HB-0205,RG,5.324267,-69.243306,LMC_SC7_318622,LMC100.3.59,LMC503.21.86,2MASS J05192735-6914358,15.57,17.089,1.519,327.313,0.03,9200.83,0.106,0.3002,60.54,163.43,-99.99,0,0.01895,0.00253,
OGLE-LMC-HB-0206,RG,5.32715,-70.023611,-99.99,LMC103.1.38344,LMC502.29.19234,-99.99,15.476,17.022,1.546,437.99,0.46,9079.7,0.017,0.382,45.6,11,-99.99,1,0.00294,-0.00048,
OGLE-LMC-HB-0207,MS,5.327311,-69.651306,LMC_SC7_380073,LMC103.4.182,LMC503.04.49620,-99.99,15.92,15.813,-0.107,6.709876,0.000031,9002.683,0.037,0.38,57.4,41.8,TEO,1,0.00474,0.00055,
OGLE-LMC-HB-0208,RG,5.328472,-68.263222,-99.99,LMC102.1.67,LMC504.12.5752,OGLE-LMC-ECL-31802,15.691,17.291,1.6,792.11,0.39,9629.7,0.042,0.565,63.1,57.8,TEO,1,0.0017,0.00058,
OGLE-LMC-HB-0209,RG,5.334208,-69.382306,LMC_SC6_93671,LMC100.2.18944,LMC503.11.107564,EROS2-star lm001-0l-26945,15.219,16.785,1.566,349.884,0.06,9231.1,0.048,0.2642,59.5,109.2,TEO,1,0.00943,-0.00025,
OGLE-LMC-HB-0210,RG,5.337053,-69.381444,LMC_SC6_93672,LMC100.2.18964,LMC503.11.107565,-99.99,15.266,16.73,1.464,454.631,0.047,9117.2,0.074,0.4211,69.5,165.9,-99.99,1,0.0071,0.00077,
OGLE-LMC-HB-0211,RG,5.337392,-70.680222,LMC_SC21_12034,LMC104.1.6265,LMC502.11.36170,-99.99,16.134,17.718,1.584,365.42,0.12,9154.8,0.03,0.342,63.8,59.2,-99.99,1,0.00393,0.00009,
OGLE-LMC-HB-0212,RG,5.343353,-70.012889,LMC_SC6_5613,LMC103.1.48680,LMC502.28.64396,MACHO 78.6457.22,14.477,15.847,1.37,319.011,0.099,9253.4,0.033,0.1852,70.8,48.6,-99.99,1,0.00686,0.00272,
OGLE-LMC-HB-0213,RG,5.34465,-70.828556,LMC_SC21_57061,LMC105.4.6030,LMC502.11.24933,-99.99,16.227,17.51,1.283,207.736,0.039,9001.9,0.041,0.303,59.6,148.7,-99.99,1,0.00702,0.00074,
OGLE-LMC-HB-0214,RG,5.345067,-69.950639,LMC_SC6_135678,LMC103.2.12596,LMC502.28.76914,-99.99,14.609,15.366,0.757,168.413,0.022,9116.06,0.026,0.417,41.1,85.4,-99.99,1,0.00601,-0.00181,
OGLE-LMC-HB-0215,RG,5.345478,-69.358278,LMC_SC6_214266,LMC100.2.19021,LMC503.11.125728,-99.99,15.444,16.719,1.275,256.651,0.044,9216.8,0.021,0.486,51.9,98.1,-99.99,1,0.00205,0.00046,
OGLE-LMC-HB-0216,RG,5.346617,-69.200361,LMC_SC6_236324,LMC100.3.32386,LMC503.20.14015,-99.99,15.738,17.31,1.572,443.99,0.1,9008,0.049,0.4102,81.3,114.7,-99.99,1,0.00373,0.00055,
OGLE-LMC-HB-0217,RG,5.347094,-69.370083,LMC_SC6_214258,LMC100.2.38010,LMC503.11.56578,2MASS J05204953-6922122,15.215,16.888,1.673,591.75,0.34,9086.7,0.032,0.1842,65.8,32.5,-99.99,1,0.00751,0.00202,
OGLE-LMC-HB-0218,RG,5.349447,-70.371528,LMC_SC21_78340,LMC104.3.17708,LMC502.20.15011,-99.99,15.962,17.454,1.492,318.5,0.11,9067.5,0.03,0.199,53.4,2.7,-99.99,1,0.0089,0.00001,
OGLE-LMC-HB-0219,RG,5.351128,-70.647167,LMC_SC21_63938,LMC104.1.39277,LMC502.11.11969,-99.99,15.495,17.227,1.732,615.76,0.16,9031.5,0.048,0.4115,53.2,123.6,OSARG,1,0.00587,-0.00013,
OGLE-LMC-HB-0220,RG,5.355094,-69.260722,LMC_SC6_229549,LMC100.2.106729,LMC503.20.64,EROS2-star lm001-0n-8183,15.214,16.88,1.666,312.881,0.026,9123.13,0.115,0.2887,60.95,46.71,OSARG,0,0.01966,0.00174,
OGLE-LMC-HB-0221,RG,5.355933,-69.729028,LMC_SC6_280450,LMC103.3.95230,LMC503.03.29568,OGLE-LMC-LPV-44996,15.165,17.019,1.854,471.69,0.16,9297.2,0.042,0.1695,61.7,150.7,TEO,1,0.01102,0.00289,
OGLE-LMC-HB-0222,RG,5.358669,-69.365111,LMC_SC6_330210,LMC100.2.38075,LMC503.11.56661,-99.99,15.813,17.99,2.177,301.413,0.078,9284.9,0.034,0.265,46.4,119.5,-99.99,1,0.00962,-0.00272,
OGLE-LMC-HB-0223,RG,5.360267,-69.625444,LMC_SC6_287490,LMC103.4.33118,-99.99,-99.99,15.11,16.71,1.6,437.51,0.27,9090.3,0.055,0.1639,88.6,116.5,TEO,1,0.01084,0.00648,
OGLE-LMC-HB-0224,RG,5.364864,-69.5155,LMC_SC6_304939,LMC100.1.57473,LMC503.10.80490,-99.99,14.751,15.633,0.882,107.1771,0.0037,9083.58,0.077,0.3067,53.3,37.3,-99.99,1,0.01479,0.00012,
OGLE-LMC-HB-0225,MS,5.366689,-69.586194,-99.99,LMC103.4.118944,LMC503.10.64959,-99.99,15.801,15.976,0.175,13.73925,0.00023,9005.09,0.039,0.221,38.3,2.9,-99.99,1,0.01573,-0.00524,
OGLE-LMC-HB-0226,RG,5.370306,-69.850083,LMC_SC6_384087,LMC103.2.91876,LMC503.02.78433,-99.99,14.452,15.711,1.259,668.85,0.52,9282.4,0.022,0.425,61.5,54.7,-99.99,1,0.0021,0.00025,
OGLE-LMC-HB-0227,RG,5.370372,-69.058333,-99.99,LMC100.4.44640,LMC503.19.86426,-99.99,15.177,16.987,1.81,615.84,0.28,9214.2,0.051,0.4049,63.2,146.1,-99.99,1,0.00522,0.00092,
OGLE-LMC-HB-0228,RG,5.381408,-70.187,-99.99,LMC163.5.60903,LMC502.27.32,-99.99,15.38,16.912,1.532,708.63,0.69,9436.5,0.024,0.408,49,129.9,-99.99,1,0.00331,-0.00051,
OGLE-LMC-HB-0229,RG,5.381992,-70.64625,-99.99,LMC163.8.32225,LMC502.10.12414,-99.99,15.362,16.951,1.589,459.92,0.19,9001.6,0.038,0.365,88.7,134.9,-99.99,1,0.00366,0.00195,
OGLE-LMC-HB-0230,MS,5.383819,-67.97425,-99.99,LMC159.6.45,LMC504.19.3921,OGLE-LMC-ECL-14264,14.623,14.492,-0.131,15.10097,0.0004,9001.8,0.018,0.662,29,7,ECL,0,0.00064,-0.00135,
OGLE-LMC-HB-0231,RG,5.384997,-69.280417,LMC_SC5_106186,LMC161.7.72857,LMC503.19.43,-99.99,15.18,16.831,1.651,1033.82,0.26,9888,0.066,0.5746,60.6,31.9,TEO,1,0.00276,0.00187,
OGLE-LMC-HB-0232,RG,5.385522,-70.574083,-99.99,LMC163.7.122,LMC502.10.19733,OGLE-LMC-ECL-14311,16.699,17.942,1.243,111.7239,0.0073,9098.42,0.076,0.2023,65,67,-99.99,1,0.01646,0.00365,
OGLE-LMC-HB-0233,RG,5.387689,-69.385444,-99.99,LMC161.7.16279,LMC503.10.34220,MACHO 78.6950.1337,15.414,16.909,1.495,462.86,0.34,9225.9,0.022,0.293,45.5,88.5,-99.99,1,0.00677,-0.00148,
OGLE-LMC-HB-0234,RG,5.388094,-67.607306,-99.99,-99.99,LMC504.26.18487,-99.99,15.058,16.571,1.513,300.5,0.18,9217.2,0.041,0.333,65.2,177.7,-99.99,1,0.00654,0.00205,
OGLE-LMC-HB-0235,RG,5.388742,-70.560556,-99.99,LMC163.7.9297,LMC502.10.19667,OGLE-LMC-ECL-14399,15.73,17.422,1.692,337.514,0.094,9170.7,0.054,0.2177,60.2,106.5,OSARG,1,0.01222,-0.00034,
OGLE-LMC-HB-0236,RG,5.391536,-69.391889,LMC_SC5_208457,LMC161.7.16296,LMC503.09.85338,2MASS J05232951-6923309,14.954,16.683,1.729,460.334,0.054,9218.86,0.083,0.3062,80.8,161.6,TEO,1,0.01153,0.00322,
OGLE-LMC-HB-0237,RG,5.396572,-69.896778,-99.99,LMC162.7.89086,LMC503.01.67401,2MASS J05234767-6953484,14.889,16.743,1.854,448.93,0.15,9132.5,0.063,0.2555,55,96,OSARG,1,0.0149,0.00093,
OGLE-LMC-HB-0238,MS,5.400525,-69.822389,-99.99,LMC162.6.39761,LMC503.01.81108,-99.99,13.402,13.26,-0.142,7.467877,0.000061,9000.734,0.046,0.1274,43.2,4,-99.99,0,0.0221,-0.0074,
OGLE-LMC-HB-0239,RG,5.400531,-69.231139,LMC_SC5_338248,LMC161.6.26578,LMC503.18.50064,-99.99,15.481,17.054,1.573,603.75,0.28,9480.2,0.033,0.373,70.4,112.2,OSARG,1,0.00334,0.00125,
OGLE-LMC-HB-0240,RG,5.408042,-70.999583,-99.99,LMC164.6.12098,LMC502.01.31370,OGLE-LMC-ECL-14853,15.031,16.538,1.507,556.02,0.25,9410.8,0.038,0.446,78.7,85.8,-99.99,1,0.00259,0.00036,
OGLE-LMC-HB-0241,RG,5.409114,-70.155861,-99.99,LMC163.5.91390,LMC502.26.308,-99.99,16.629,17.956,1.327,249.13,0.1,9055.7,0.029,0.351,88.5,113.2,-99.99,1,0.0029,0.00091,
OGLE-LMC-HB-0242,RG,5.4099,-69.864,-99.99,LMC162.7.108710,LMC503.01.85,OGLE-LMC-ECL-14896,15.111,16.532,1.421,384.91,0.21,9225.7,0.025,0.127,49.5,159.3,ECL,0,0.0098,-0.0014,
OGLE-LMC-HB-0243,RG,5.410256,-70.554194,-99.99,LMC163.7.19168,LMC502.09.20629,OGLE-LMC-ECL-14911,15.824,17.351,1.527,245.046,0.032,9184.11,0.081,0.2295,72.3,44.5,-99.99,1,0.01439,0.00233,
OGLE-LMC-HB-0244,RG,5.410628,-70.007972,LMC_SC5_356767,LMC162.8.90400,LMC502.26.23301,-99.99,13.868,15.34,1.472,410.263,0.074,9112.7,0.057,0.1235,53,59.2,OSARG,1,0.02051,-0.00098,
OGLE-LMC-HB-0245,RG,5.414139,-68.869861,-99.99,LMC160.8.61966,LMC517.16.38304,OGLE-LMC-ECL-15016,16.496,17.791,1.295,211.872,0.041,9022.3,0.044,0.2333,89.3,89.8,-99.99,1,0.00708,0.00267,
OGLE-LMC-HB-0246,RG,5.418514,-68.806472,-99.99,LMC160.7.25914,LMC517.16.46859,EROS2-star lm020-6m-17696,15.546,16.937,1.391,200.787,0.042,9052.4,0.039,0.1134,89,170.2,ECL,0,0.00987,0.00435,
OGLE-LMC-HB-0247,RG,5.418897,-69.409472,LMC_SC4_113080,LMC161.8.113564,LMC503.09.31338,-99.99,15.194,16.819,1.625,322.88,0.11,9285.8,0.029,0.246,30.64,46.1,-99.99,1,0.01428,-0.00793,
OGLE-LMC-HB-0248,RG,5.420844,-69.957167,LMC_SC4_36298,LMC162.7.53099,LMC502.26.37056,OGLE-LMC-ECL-32997,16.279,17.76,1.481,292.494,0.061,9035.9,0.041,0.391,64,129.3,-99.99,1,0.00428,0.00082,
OGLE-LMC-HB-0249,RG,5.422739,-69.090444,-99.99,LMC161.5.34250,LMC503.17.63553,-99.99,15.86,17.366,1.506,271.971,0.074,9118,0.051,0.2952,59,43.5,-99.99,1,0.00886,0.0006,
OGLE-LMC-HB-0250,RG,5.428322,-69.813167,LMC_SC4_176272,LMC162.6.61369,LMC516.25.78663,-99.99,14.774,16.371,1.597,511.57,0.16,9200.5,0.034,0.307,73.5,41.9,-99.99,1,0.00449,0.00164,
OGLE-LMC-HB-0251,RG,5.430664,-69.145222,-99.99,LMC161.3.47502,LMC503.17.63502,OGLE-LMC-ECL-15418,15.702,17.238,1.536,276.17,0.14,9103.4,0.024,0.17,67,117.8,-99.99,1,0.00541,0.00159,
OGLE-LMC-HB-0252,RG,5.432886,-70.06175,LMC_SC4_145349,LMC162.1.60591,LMC516.16.26513,-99.99,14.717,16.418,1.701,338.159,0.057,9294.6,0.049,0.1887,45.74,132.3,OSARG,1,0.01803,-0.00283,
OGLE-LMC-HB-0253,RG,5.438406,-69.195583,-99.99,LMC161.3.166,LMC517.07.52822,MACHO 80.7437.74,15.878,17.285,1.407,235,0.14,9093.9,0.017,0.209,49,148.3,-99.99,1,0.00522,-0.00087,
OGLE-LMC-HB-0254,MS,5.440125,-68.784722,-99.99,-99.99,LMC517.15.43517,2MASS J052624.45-684705.0,13.473,13.772,0.299,32.82939,0.00022,9031.003,0.321,0.5473,42.51,130.64,TEO,1,0.02769,-0.00657,
OGLE-LMC-HB-0255,MS,5.440464,-71.696056,-99.99,LMC165.2.15,LMC501.17.15783,-99.99,15.136,15.246,0.11,19.8849,0.00034,9011.849,0.077,0.2529,50.9,27.8,-99.99,1,0.01935,-0.00021,
OGLE-LMC-HB-0256,MS,5.441233,-66.631667,-99.99,-99.99,LMC519.07.7946,OGLE-LMC-ECL-33339,15.586,15.469,-0.117,6.58432,0.00022,9005.05,0.022,0.23,41.2,141,ECL,0,0.0081,-0.00279,
OGLE-LMC-HB-0257,RG,5.442842,-71.610444,-99.99,LMC165.3.17,LMC501.17.19601,-99.99,15.458,17.026,1.568,493,0.44,9327.9,0.028,0.325,57.8,27.2,-99.99,1,0.00461,0.00078,
OGLE-LMC-HB-0258,RG,5.447017,-69.822889,LMC_SC4_295953,LMC162.3.21749,LMC516.24.76540,-99.99,14.499,15.662,1.163,242.818,0.039,9084.5,0.042,0.1948,48.3,165.1,-99.99,1,0.01394,-0.00226,
OGLE-LMC-HB-0259,RG,5.447336,-69.822861,LMC_SC4_296020,LMC162.3.21819,LMC516.24.76606,-99.99,15.637,17.326,1.689,585.49,0.52,9174.8,0.023,0.292,59.1,57.6,-99.99,1,0.00405,-0.00033,
OGLE-LMC-HB-0260,RG,5.448189,-69.05575,-99.99,LMC161.4.10415,LMC517.07.75128,-99.99,16.189,17.758,1.569,263.93,0.17,9011.2,0.016,0.194,63,37.9,-99.99,1,0.00383,0.00139,
OGLE-LMC-HB-0261,RG,5.449119,-69.911306,LMC_SC4_287362,LMC162.2.95455,LMC516.24.60238,-99.99,14.825,16.057,1.232,252.74,0.052,9202.2,0.038,0.2412,54.5,109.1,-99.99,1,0.00922,0.0001,
OGLE-LMC-HB-0262,RG,5.449828,-70.690472,-99.99,LMC163.1.9115,LMC502.08.5638,-99.99,15.9,17.293,1.393,288.03,0.11,9022.3,0.026,0.21,42.7,7.3,-99.99,1,0.0097,-0.00277,
OGLE-LMC-HB-0263,MS,5.454036,-69.03325,-99.99,LMC161.4.20878,LMC517.07.33274,OGLE-LMC-ECL-16111,14.804,14.696,-0.108,7.007222,0.000062,9005.696,0.032,0.225,41.3,114.6,ECL,0,0.01317,-0.00475,
OGLE-LMC-HB-0264,RG,5.454469,-69.773389,LMC_SC4_427226,LMC162.3.22032,LMC516.24.76844,-99.99,16.141,17.425,1.284,294.153,0.096,9070.8,0.024,0.188,49.1,151.5,-99.99,1,0.0078,-0.00005,
OGLE-LMC-HB-0265,RG,5.456111,-68.937028,-99.99,LMC160.1.15740,LMC517.15.7,EROS2-star lm020-7n-11720,13.829,15.29,1.461,462.13,0.5,9263.7,0.02,0.179,89.3,66.3,-99.99,1,0.00371,0.00196,
OGLE-LMC-HB-0266,MS,5.458258,-70.737667,-99.99,LMC164.4.36525,LMC515.32.32180,OGLE-LMC-ECL-16219,17.2,17.579,0.379,8.388523,0.0001,9002.088,0.074,0.163,89.9,55.7,-99.99,1,0.01456,0.00575,
OGLE-LMC-HB-0267,RG,5.459419,-70.155417,LMC_SC3_5737,LMC163.4.86882,LMC516.15.133,-99.99,16.241,17.788,1.547,431.25,0.16,9322.8,0.03,0.371,67,101.5,-99.99,1,0.00334,0.00078,
OGLE-LMC-HB-0268,MS,5.461264,-69.099778,-99.99,LMC161.3.70149,LMC517.07.22356,OGLE-LMC-ECL-16303,15.282,15.175,-0.107,14.10109,0.00027,9001.11,0.024,0.518,44.5,126.9,ECL,0,0.00221,-0.00131,
OGLE-LMC-HB-0269,RG,5.461286,-70.41875,-99.99,LMC163.3.13639,LMC516.07.7679,-99.99,16.107,17.831,1.724,454.07,0.25,9253.1,0.035,0.436,87,121.7,-99.99,1,0.0023,0.00095,
OGLE-LMC-HB-0270,RG,5.461608,-69.265889,-99.99,LMC161.2.73784,LMC517.07.49,-99.99,15.712,17.338,1.626,366.04,0.14,9324.4,0.049,0.32,55.1,18.6,-99.99,1,0.0089,0.00106,
OGLE-LMC-HB-0271,RG,5.462564,-70.587556,-99.99,LMC163.1.46974,LMC515.32.46406,-99.99,16.245,17.789,1.544,283.62,0.11,9188.4,0.029,0.188,57.7,101.7,-99.99,1,0.00776,0.00062,
OGLE-LMC-HB-0272,RG,5.470078,-69.571667,LMC_SC3_201547,LMC162.4.112610,LMC516.32.86,-99.99,16.404,17.931,1.527,257.687,0.025,9234.75,0.065,0.2633,63.3,35.3,-99.99,1,0.01202,0.00234,
OGLE-LMC-HB-0273,MS,5.471961,-69.13075,-99.99,LMC161.3.82057,LMC517.06.60528,-99.99,15.041,14.909,-0.132,7.548214,0.000085,9006.886,0.028,0.273,48.2,0.1,-99.99,1,0.0075,-0.00071,
OGLE-LMC-HB-0274,RG,5.473008,-70.543389,-99.99,LMC163.2.20966,LMC515.32.19965,-99.99,16.388,17.691,1.303,239.49,0.15,9072.7,0.015,0.28,60,137.6,OSARG,1,0.00269,0.00049,
OGLE-LMC-HB-0275,RG,5.475208,-70.178667,LMC_SC3_125026,LMC163.4.104751,LMC516.14.58920,-99.99,15.482,17.064,1.582,582.28,0.3,9098.6,0.03,0.3188,60,125.2,OSARG,1,0.00472,0.00117,
OGLE-LMC-HB-0276,MS,5.479894,-69.56775,-99.99,LMC162.4.129369,LMC516.31.40170,-99.99,15.901,16.219,0.318,25.5461,0.0015,9016.82,0.024,0.096,26.9,23.2,-99.99,0,0.0226,-0.0154,
OGLE-LMC-HB-0277,RG,5.480069,-70.151,LMC_SC3_243475,LMC163.4.123020,LMC516.14.72045,-99.99,15.77,17.414,1.644,354.635,0.097,9154.7,0.05,0.206,48.2,167.1,-99.99,1,0.01607,-0.00391,
OGLE-LMC-HB-0278,RG,5.480142,-69.368333,LMC_SC3_333510,LMC161.2.38009,LMC516.31.75163,EROS2-star lm002-0l-24086,15.701,17.239,1.538,356.63,0.04,9109.19,0.066,0.3142,44.91,150.5,-99.99,1,0.01565,-0.00233,
OGLE-LMC-HB-0279,RG,5.480211,-69.74775,LMC_SC3_290210,LMC162.3.142944,LMC516.23.86332,MACHO 77.7913.428,16.143,17.305,1.162,259.471,0.064,9139.3,0.033,0.189,70.2,66.6,-99.99,1,0.00686,0.00234,
OGLE-LMC-HB-0280,RG,5.48055,-70.203083,LMC_SC3_236712,LMC163.4.52070,LMC516.14.58887,2MASS J05284999-7012111,14.126,16.005,1.879,661.31,0.15,9398.4,0.078,0.3266,49.2,9.2,OSARG,1,0.01615,0.0001,
OGLE-LMC-HB-0281,MS,5.487072,-67.002417,-99.99,-99.99,LMC518.30.19680,OGLE-LMC-ECL-34014,15.482,15.551,0.069,158.022,0.013,9139.24,0.203,0.209,89.7,76.39,ECL,0,0.03376,0.01129,
OGLE-LMC-HB-0282,RG,5.487569,-70.096972,LMC_SC3_243534,LMC162.1.45394,LMC516.14.72201,-99.99,16.131,17.809,1.678,512.63,0.21,9461.7,0.037,0.399,59.4,140.8,-99.99,1,0.00422,0.00038,
OGLE-LMC-HB-0283,MS,5.489603,-68.739111,-99.99,LMC167.7.9244,LMC517.14.24538,-99.99,16.139,15.978,-0.161,7.009837,0.000079,9000.354,0.025,0.499,16.6,78,-99.99,1,0.0038,-0.00451,
OGLE-LMC-HB-0284,RG,5.491547,-70.010889,LMC_SC3_368170,LMC169.8.74823,LMC516.14.28571,-99.99,15.764,17.292,1.528,541.44,0.23,9212.6,0.025,0.406,65.3,94.7,-99.99,1,0.00246,0.00053,
OGLE-LMC-HB-0285,RG,5.492219,-70.185667,LMC_SC3_345466,LMC170.5.74197,LMC516.14.152,OGLE-LMC-ECL-17246,15.977,17.454,1.477,384.1,0.16,9122.6,0.034,0.171,90,121.6,ECL,1,0.0065,0.00154,
OGLE-LMC-HB-0286,MS,5.494494,-66.746056,-99.99,-99.99,LMC519.05.4553,OGLE-LMC-ECL-34130,17.411,17.277,-0.134,3.483448,0.000026,9002.214,0.065,0.509,29.1,63.5,ECL,0,0.0106,-0.0077,
OGLE-LMC-HB-0287,RG,5.496564,-71.186556,-99.99,LMC164.1.32908,LMC515.14.37635,EROS2-star lm058-5k-5506,16.129,17.477,1.348,274.981,0.056,9047.2,0.079,0.3707,89.5,154.6,TEO/ECL,0,0.00796,0.00282,
OGLE-LMC-HB-0288,RG,5.496864,-69.3885,LMC_SC3_444289,LMC168.7.13125,LMC516.31.21042,-99.99,15.346,17.136,1.79,422.36,0.12,9315.4,0.045,0.0996,45.9,57.5,OSARG,1,0.0214,-0.0051,
OGLE-LMC-HB-0289,MS,5.497575,-71.952806,-99.99,-99.99,LMC514.31.179,-99.99,16.346,16.544,0.198,2555.5,2.7,10621.9,0.182,0.4564,50.77,38.4,OSARG,0,0.01905,-0.00386,
OGLE-LMC-HB-0290,MS,5.500661,-71.85025,-99.99,LMC165.1.15370,LMC514.31.21755,OGLE-LMC-ECL-17503,18.118,19.009,0.891,28.93292,0.00088,9004.15,0.144,0.2015,56.1,26.5,-99.99,1,0.0384,0.0021,
OGLE-LMC-HB-0291,RG,5.504878,-71.743139,-99.99,LMC172.7.23,LMC515.06.21,-99.99,15.43,17.105,1.675,767.19,0.95,9300.2,0.027,0.431,52.5,50.4,-99.99,1,0.0031,-0.00016,
OGLE-LMC-HB-0292,MS,5.505247,-70.440139,-99.99,LMC170.7.59336,LMC516.05.53665,-99.99,15.908,15.948,0.04,3.1858559,0.0000035,9001.6509,0.147,0.292,89.5,147.4,ECL,0,0.0195,0.00064,
OGLE-LMC-HB-0293,RG,5.505394,-69.123139,-99.99,LMC168.6.53859,LMC517.05.53123,-99.99,15.836,17.327,1.491,259.125,0.062,9244.1,0.044,0.2875,53.9,134.6,-99.99,1,0.0089,-0.00015,
OGLE-LMC-HB-0294,MS,5.507547,-71.048944,-99.99,LMC171.7.34049,LMC515.23.5033,[RHH2018] 113,15.974,16.14,0.166,63.4396,0.0025,9009.62,0.093,0.477,20.19,74.4,-99.99,1,0.01826,-0.01113,
OGLE-LMC-HB-0295,RG,5.509239,-70.076833,LMC_SC2_31056,LMC169.8.18222,LMC516.13.72606,-99.99,16.217,17.349,1.132,189.474,0.05,9066,0.019,0.151,68,134.7,-99.99,1,0.00463,0.00165,
OGLE-LMC-HB-0296,RG,5.509289,-70.295,LMC_SC2_13,LMC170.6.77104,LMC516.05.79007,2MASS J05303343-7017419,14.204,15.658,1.454,389.75,0.1,9198.6,0.043,0.1809,62.9,103.3,-99.99,1,0.01051,0.00139,
OGLE-LMC-HB-0297,RG,5.509586,-70.962278,-99.99,LMC171.6.8225,LMC515.23.11798,OGLE-LMC-ECL-17768,16.223,17.444,1.221,169.832,0.015,9022.48,0.091,0.2976,71.6,33.7,-99.99,1,0.01308,0.00181,
OGLE-LMC-HB-0298,RG,5.510342,-70.722611,-99.99,LMC170.8.8883,LMC515.31.7597,-99.99,15.834,17.178,1.344,501.26,0.22,9402.7,0.034,0.635,62.1,146.4,-99.99,1,0.00089,0.00034,
OGLE-LMC-HB-0299,MS,5.516431,-69.114722,-99.99,LMC168.6.64145,LMC517.05.18823,-99.99,14.958,14.937,-0.021,14.04737,0.00041,9006.37,0.017,0.507,24.4,39,-99.99,1,0.00214,-0.00189,
OGLE-LMC-HB-0300,RG,5.5179,-70.367556,-99.99,LMC170.6.30282,LMC516.05.65568,-99.99,16.379,17.853,1.474,339.785,0.066,9116.3,0.046,0.475,65.8,33.5,-99.99,1,0.0032,0.0011,
OGLE-LMC-HB-0301,RG,5.518489,-69.924056,LMC_SC2_166023,LMC169.7.40932,-99.99,-99.99,14.242,15.638,1.396,444.68,0.41,9231.4,0.028,0.311,51.9,2.9,-99.99,1,0.00599,-0.00035,
OGLE-LMC-HB-0302,MS,5.519183,-69.408417,-99.99,LMC168.8.77063,LMC516.30.19742,OGLE-LMC-ECL-18047,15.002,14.849,-0.153,4.58478,0.000053,9002.044,0.015,0.15,33.2,101.1,ECL,0,0.0123,-0.0068,
OGLE-LMC-HB-0303,RG,5.519228,-69.463639,LMC_SC2_208893,LMC168.8.77064,LMC516.30.9061,-99.99,15.441,17.081,1.64,456.38,0.18,9216.7,0.028,0.1442,56.1,171.1,OSARG,1,0.00906,0.00055,
OGLE-LMC-HB-0304,RG,5.523439,-70.32425,LMC_SC2_218937,LMC170.6.94522,LMC516.05.19507,-99.99,15.254,16.971,1.717,538.11,0.13,9173.8,0.049,0.3576,55,172.5,OSARG,1,0.00795,0.00155,
OGLE-LMC-HB-0305,RG,5.531247,-69.865306,LMC_SC2_276677,LMC169.7.144574,LMC516.22.48,-99.99,14.923,16.347,1.424,224.053,0.07,9058.8,0.019,0.189,41.2,51.6,-99.99,1,0.00813,-0.00253,
OGLE-LMC-HB-0306,RG,5.533281,-69.577694,LMC_SC2_401876,LMC169.5.115056,-99.99,-99.99,14.207,15.865,1.658,500.1,0.29,9121,0.068,0.3475,62,71.3,-99.99,1,0.00909,0.00212,
OGLE-LMC-HB-0307,RG,5.533972,-69.535944,-99.99,LMC168.8.39811,LMC516.29.34554,-99.99,15.844,17.357,1.513,427.75,0.41,9157.5,0.025,0.158,71,38.6,-99.99,1,0.00588,0.00226,
OGLE-LMC-HB-0308,MS,5.534381,-70.496861,-99.99,LMC170.7.85789,LMC516.04.43402,OGLE-LMC-ECL-18477,16.197,16.762,0.565,33.38135,0.00046,9012.755,0.092,0.4871,89,135,TEO,0,0.00478,0.00239,
OGLE-LMC-HB-0309,RG,5.538872,-70.012083,LMC_SC2_357840,LMC169.8.135779,LMC516.12.85852,-99.99,15.604,17.149,1.545,537.85,0.16,9150.8,0.032,0.436,59.1,169.3,-99.99,1,0.00331,0.00135,
OGLE-LMC-HB-0310,RG,5.540239,-69.116222,-99.99,LMC168.3.33197,LMC517.04.18137,-99.99,16.119,17.384,1.265,283.23,0.17,9265.5,0.021,0.242,72.2,13.7,-99.99,1,0.00399,0.00156,
OGLE-LMC-HB-0311,RG,5.540647,-70.101333,LMC_SC1_44635,LMC169.1.38,LMC516.12.69041,-99.99,15.345,17.072,1.727,454.462,0.094,9374,0.07,0.1689,56.5,136.9,OSARG,1,0.01988,0.00195,
OGLE-LMC-HB-0312,RG,5.540708,-69.522583,LMC_SC2_407002,-99.99,LMC516.29.43328,J053226.44-693122.1,12.965,14.781,1.816,650.62,0.15,9413,0.103,0.1801,78.2,133,OSARG,0,0.02029,0.00811,
OGLE-LMC-HB-0313,RG,5.542533,-69.727944,-99.99,LMC169.3.61440,LMC516.21.71376,-99.99,15.884,17.386,1.502,552.06,0.36,9538.1,0.028,0.406,80.8,107.5,ECL,1,0.00226,0.00087,
OGLE-LMC-HB-0314,MS,5.543533,-69.412333,LMC_SC2_416902,LMC168.1.41153,LMC516.29.54441,OGLE-LMC-ECL-18727,14.668,14.731,0.063,10.356998,0.000059,9002.381,0.049,0.2824,57,24.8,ECL,0,0.00976,-0.00079,
OGLE-LMC-HB-0315,RG,5.543819,-65.645389,-99.99,-99.99,LMC519.28.9324,OGLE-LMC-ECL-34991,15.217,16.672,1.455,685.81,0.39,9415.5,0.052,0.599,70.5,72.8,-99.99,1,0.00148,0.00003,
OGLE-LMC-HB-0316,RG,5.544444,-69.225028,-99.99,LMC168.3.55,LMC517.04.8610,EROS2-star lm002-1k-28820,15.099,16.985,1.886,414.49,0.048,9350.75,0.138,0.2209,62.19,57.12,OSARG,0,0.02899,-0.00094,
OGLE-LMC-HB-0317,RG,5.547419,-69.714611,LMC_SC1_84811,LMC169.3.61465,LMC516.21.71400,-99.99,15.912,17.438,1.526,239.63,0.042,9069.5,0.049,0.15,66,52.8,-99.99,1,0.01218,0.00257,
OGLE-LMC-HB-0318,RG,5.552589,-69.877306,LMC_SC1_158043,LMC169.2.73535,LMC516.21.43,-99.99,15.702,17.121,1.419,341.557,0.073,9077.2,0.043,0.1729,65.2,31,OSARG,1,0.01038,0.00237,
OGLE-LMC-HB-0319,MS,5.55285,-68.53375,-99.99,LMC167.3.29239,LMC517.20.31866,OGLE-LMC-ECL-18972,17.942,18.382,0.44,10.76073,0.00015,9002.14,0.058,0.323,67.6,4.4,ECL,0,0.00921,0.004,
OGLE-LMC-HB-0320,RG,5.556756,-71.0625,-99.99,LMC171.2.32786,LMC515.21.32681,OGLE-LMC-ECL-35210,16.084,17.608,1.524,296.38,0.13,9202,0.025,0.3,63.8,112.2,-99.99,1,0.00396,0.0011,
OGLE-LMC-HB-0321,RG,5.557094,-69.725694,LMC_SC1_175013,LMC169.3.77611,LMC516.21.24891,-99.99,16.722,18.045,1.323,148.657,0.019,9029,0.041,0.2441,71,10.5,-99.99,1,0.00797,0.00397,
OGLE-LMC-HB-0322,RG,5.5575,-70.131028,LMC_SC1_130673,LMC169.1.16878,LMC516.12.12322,EROS2-star lm002-7m-3365,15.555,17.12,1.565,342.9,0.076,9069.6,0.04,0.1246,61.4,56.7,ECL,1,0.0116,0.002,
OGLE-LMC-HB-0323,MS,5.559281,-71.302028,-99.99,LMC171.1.65,LMC515.12.37430,-99.99,16.379,16.551,0.172,24.91618,0.00058,9011.502,0.06,0.473,24.96,72.7,ECL,0,0.0128,-0.01129,
OGLE-LMC-HB-0324,RG,5.562436,-69.572056,-99.99,LMC169.4.63771,-99.99,OGLE-LMC-ECL-19234,15.87,17.202,1.332,205.789,0.081,9099.6,0.079,0.2654,54.6,128,-99.99,1,0.01704,0.00013,
OGLE-LMC-HB-0325,RG,5.564394,-69.590472,-99.99,LMC169.4.63692,LMC516.28.32944,OGLE-LMC-ECL-19281,15.918,17.576,1.658,264.825,0.043,9261,0.07,0.2296,72,54.3,-99.99,1,0.01232,0.00299,
OGLE-LMC-HB-0326,RG,5.565733,-70.322139,LMC_SC1_201696,LMC170.3.73551,LMC516.03.62029,-99.99,16.634,18.005,1.371,205.418,0.052,9153.6,0.03,0.143,59.5,126.3,-99.99,1,0.0086,0.0003,
OGLE-LMC-HB-0327,RG,5.567939,-70.564167,LMC_SC1_184022,LMC170.2.12085,LMC515.29.25500,2MASS J05340458-7033510,15.199,16.894,1.695,401.84,0.12,9060.4,0.048,0.1729,78.5,61.5,OSARG,1,0.00955,0.00497,
OGLE-LMC-HB-0328,RG,5.568628,-69.120417,-99.99,LMC168.3.48774,LMC517.03.14176,-99.99,16.359,17.745,1.386,319.998,0.069,9059.9,0.046,0.3244,52.7,106.2,-99.99,1,0.00885,0.00013,
OGLE-LMC-HB-0329,MS,5.568844,-69.086583,-99.99,LMC168.4.14143,LMC517.03.14571,OGLE-LMC-ECL-19401,17.857,18.556,0.699,11.35836,0.00012,9004.988,0.097,0.2687,77,120.2,-99.99,1,0.01409,0.0055,
OGLE-LMC-HB-0330,MS,5.56965,-67.445944,-99.99,-99.99,LMC518.19.11621,OGLE-LMC-ECL-35417,14.499,14.361,-0.138,9.46739,0.00038,9003.06,0.019,0.364,57,32,ECL,0,0.00269,-0.00021,
OGLE-LMC-HB-0331,MS,5.569794,-66.949028,-99.99,-99.99,LMC518.27.21627,-99.99,14.741,14.582,-0.159,5.87278,0.00015,9003.725,0.024,0.204,30.9,169,-99.99,0,0.0126,-0.0069,
OGLE-LMC-HB-0332,MS,5.570794,-69.843111,-99.99,LMC169.2.109630,LMC516.20.51233,OGLE-LMC-ECL-19456,16.275,16.389,0.114,7.10789,0.0001,9004.991,0.028,0.337,44.9,19.7,ECL,0,0.00588,-0.00174,
OGLE-LMC-HB-0333,MS,5.575775,-69.756694,-99.99,LMC169.3.93686,LMC516.20.63068,OGLE-LMC-ECL-19581,14.971,14.815,-0.156,4.122947,0.000047,9002.555,0.018,0.236,88,125,ECL,0,0.00284,0.00066,
OGLE-LMC-HB-0334,RG,5.578764,-71.275667,-99.99,LMC171.1.6932,-99.99,2MASS J05344354-7116323,14.39,15.787,1.397,322.02,0.29,9148.7,0.042,0.2303,80.6,76.7,-99.99,1,0.00681,0.00121,
OGLE-LMC-HB-0335,RG,5.579575,-70.501444,LMC_SC1_271034,LMC170.2.73293,LMC516.03.41429,-99.99,16.347,17.777,1.43,276.579,0.099,9096.2,0.026,0.169,58.4,16,-99.99,1,0.00733,0.00108,
OGLE-LMC-HB-0336,RG,5.581539,-69.49075,-99.99,LMC168.1.32713,LMC516.28.7203,-99.99,15.889,17.458,1.569,433.49,0.16,9220.4,0.041,0.3494,57.4,41.1,-99.99,1,0.00593,0.0005,
OGLE-LMC-HB-0337,MS,5.585094,-70.274028,LMC_SC1_290444,LMC170.4.33114,LMC516.03.30711,-99.99,16.465,17.078,0.613,18.350478,0.00007,9003.916,0.196,0.221,89.9,45.35,ECL,0,0.03204,0.00751,
OGLE-LMC-HB-0338,RG,5.585206,-70.275583,LMC_SC1_290414,LMC170.4.33004,LMC516.03.30647,MACHO 11.8873.36,15.263,17.054,1.791,858.65,0.55,9001.3,0.042,0.4126,58.2,22.8,OSARG,1,0.00473,0.00039,
OGLE-LMC-HB-0339,RG,5.585281,-69.699611,LMC_SC1_340241,LMC169.3.108936,LMC516.20.21248,-99.99,16.141,18.027,1.886,405.66,0.21,9100.4,0.029,0.18,61.8,32,-99.99,1,0.0072,0.0018,
OGLE-LMC-HB-0340,MS,5.588022,-69.048278,-99.99,LMC168.4.19605,LMC517.02.37346,OGLE-LMC-ECL-19871,15.029,15.132,0.103,15.48356,0.00025,9000.588,0.007,0.563,33,170,ECL,0,0.00059,-0.00072,
OGLE-LMC-HB-0341,MS,5.588675,-67.267167,-99.99,-99.99,LMC518.19.5811,OGLE-LMC-ECL-35756,14.092,13.938,-0.154,16.15973,0.00013,9003.514,0.097,0.667,88.2,88.1,ECL,0,0.0014,-0.00026,
OGLE-LMC-HB-0342,MS,5.589878,-68.817194,-99.99,LMC174.8.90,LMC517.10.33992,-99.99,15.527,15.425,-0.102,6.661426,0.000081,9005.877,0.027,0.22,35.6,4,-99.99,1,0.01159,-0.005,
OGLE-LMC-HB-0343,MS,5.590892,-67.962028,-99.99,LMC173.6.367,LMC518.02.2736,OGLE-LMC-ECL-35797,16.577,16.634,0.057,5.170296,0.00006,9001.215,0.029,0.167,89,103.2,-99.99,1,0.00581,0.0033,
OGLE-LMC-HB-0344,RG,5.593739,-69.264778,-99.99,LMC175.7.44002,LMC517.02.22143,MACHO 82.9009.83,16.1,17.857,1.757,418.17,0.19,9359.5,0.033,0.282,70,33.6,-99.99,1,0.00516,0.00199,
OGLE-LMC-HB-0345,RG,5.5987,-70.479806,LMC_SC16_81498,LMC170.2.86131,LMC516.02.39017,-99.99,15.649,17.472,1.823,324.901,0.082,9139.6,0.042,0.1254,57.9,150.6,-99.99,1,0.0133,0.0018,
OGLE-LMC-HB-0346,MS,5.600133,-69.490556,-99.99,LMC175.8.10924,LMC516.27.38569,MACHO 81.9006.10,14.548,14.561,0.013,20.4013,0.0005,9013.59,0.026,0.471,56.4,64.2,-99.99,1,0.00223,0.00012,
OGLE-LMC-HB-0347,MS,5.600269,-69.707528,-99.99,LMC176.6.39822,LMC516.19.56963,OGLE-LMC-ECL-20218,14.637,14.467,-0.17,7.657708,0.000019,9000.69,0.064,0.679,89.1,95.4,ECL,0,0.000824,-0.00037,
OGLE-LMC-HB-0348,MS,5.603731,-68.928972,-99.99,LMC174.8.43,LMC517.10.23,MCPS 084.05595-68.92893,14.412,14.338,-0.074,8.67917,0.00027,9000.53,0.015,0.338,24.8,40,-99.99,1,0.005,-0.0042,
OGLE-LMC-HB-0349,RG,5.604392,-69.562778,-99.99,LMC176.5.34357,LMC516.27.31496,-99.99,16.288,17.928,1.64,594.32,0.26,9381.4,0.034,0.527,62.8,24.1,-99.99,1,0.00192,0.001,
OGLE-LMC-HB-0350,MS,5.607169,-69.486722,-99.99,LMC175.8.10945,LMC516.27.38572,-99.99,14.713,14.645,-0.068,4.950388,0.000059,9001.236,0.019,0.305,40.2,118,TEO,1,0.00622,-0.00241,
OGLE-LMC-HB-0351,RG,5.612675,-70.028389,LMC_SC16_187428,LMC176.8.58859,LMC516.10.24687,-99.99,15.613,17.273,1.66,316.554,0.062,9290.9,0.054,0.3264,55.3,162.4,TEO,1,0.00958,0.00039,
OGLE-LMC-HB-0352,RG,5.614225,-69.943944,LMC_SC16_191047,LMC176.7.12965,LMC516.10.35566,-99.99,16.509,18.362,1.853,330.21,0.11,9328.7,0.045,0.221,58.8,59,-99.99,1,0.01036,0.00108,
OGLE-LMC-HB-0353,RG,5.614228,-69.993528,LMC_SC16_187450,LMC176.7.12966,LMC516.10.24792,-99.99,16.021,17.877,1.856,663.71,0.17,9396.7,0.059,0.507,61.5,85,-99.99,1,0.00373,0.00014,
OGLE-LMC-HB-0354,RG,5.617014,-68.434417,-99.99,LMC174.5.22105,LMC517.18.33377,EROS2-star lm022-4k-12751,15.493,17.033,1.54,418.9,0.24,9184.3,0.032,0.285,73.7,38,-99.99,1,0.00468,0.0011,
OGLE-LMC-HB-0355,RG,5.617033,-71.356639,-99.99,LMC172.4.54168,LMC515.10.32701,OGLE-LMC-ECL-20686,15.898,17.613,1.715,364.881,0.095,9246.8,0.047,0.2835,88.6,100.8,-99.99,1,0.00617,0.00012,
OGLE-LMC-HB-0356,MS,5.623589,-69.334861,-99.99,LMC175.7.22196,LMC516.26.41372,OGLE-LMC-ECL-20866,15.999,15.993,-0.006,9.49778,0.00035,9008.47,0.009,0.54,28.5,60,ECL,0,0.00113,-0.00108,
OGLE-LMC-HB-0357,RG,5.625872,-69.832778,LMC_SC16_260647,LMC176.6.20877,LMC516.18.37071,2MASS J05373315-6949580,15.969,17.426,1.457,297.982,0.043,9072.6,0.063,0.3071,67.4,157.8,-99.99,1,0.00959,0.00172,
OGLE-LMC-HB-0358,RG,5.626611,-70.121111,LMC_SC16_240531,LMC176.8.28122,LMC516.09.42864,-99.99,16.018,17.504,1.486,285.61,0.1,9160.4,0.031,0.145,82.4,59,OSARG,1,0.00663,0.00245,
OGLE-LMC-HB-0359,RG,5.628733,-70.733167,LMC_SC17_23,LMC177.8.11942,LMC515.27.7405,-99.99,16.011,17.578,1.567,348.22,0.31,9020.4,0.022,0.212,57.1,117.7,-99.99,1,0.00547,0.00101,
OGLE-LMC-HB-0360,RG,5.629025,-68.033278,-99.99,LMC173.3.7,LMC554.25.15,EROS2-star lm022-2k-4629,14.614,16.399,1.785,694.28,0.21,9372,0.129,0.4005,58.53,36.1,-99.99,0,0.01473,0.00148,
OGLE-LMC-HB-0361,MS,5.630869,-69.540639,-99.99,LMC175.8.32785,LMC516.26.20393,-99.99,16.987,17.545,0.558,62.6163,0.0034,9006.41,0.058,0.413,33.39,47.7,-99.99,1,0.01368,-0.0079,
OGLE-LMC-HB-0362,RG,5.632253,-69.60125,-99.99,LMC176.5.50199,-99.99,2MASS J05375610-6936045,15.092,16.696,1.604,303.25,0.086,9011.21,0.114,0.2573,63.4,175.6,-99.99,1,0.02406,0.00514,
OGLE-LMC-HB-0363,RG,5.635447,-71.748111,-99.99,LMC179.7.4247,LMC515.02.32,-99.99,16.203,17.716,1.513,284.519,0.066,9073.5,0.045,0.334,77.6,71.7,-99.99,1,0.00504,0.00182,
OGLE-LMC-HB-0364,RG,5.636467,-68.175639,-99.99,LMC173.2.55,LMC554.16.16216,-99.99,15.527,16.914,1.387,499.38,0.18,9458.5,0.049,0.4484,63.9,169.7,OSARG,1,0.00453,0.00178,
OGLE-LMC-HB-0365,MS,5.6424,-69.065556,-99.99,LMC175.4.115,LMC553.25.36601,[P93] 305,16.61,16.66,0.05,14.77308,0.0003,9008.345,0.056,0.695,26.9,74,-99.99,1,0.00253,-0.00187,
OGLE-LMC-HB-0366,RG,5.644764,-67.968556,-99.99,LMC173.3.19,LMC554.24.23,-99.99,13.991,15.295,1.304,657.85,0.83,9521.9,0.017,0.229,61.7,156,ECL,0,0.00378,0.0003,
OGLE-LMC-HB-0367,MS,5.646236,-66.371833,-99.99,-99.99,LMC555.32.1920,-99.99,16.91,17.218,0.308,19.7311,0.00051,9000.05,0.1,0.2056,57,56.1,ECL,0,0.025,0.0006,
OGLE-LMC-HB-0368,RG,5.653944,-70.431278,LMC_SC17_150137,-99.99,LMC516.01.6188,-99.99,15.139,16.746,1.607,416.15,0.16,9024.9,0.035,0.262,42.2,0.6,OSARG,1,0.01089,-0.00231,
OGLE-LMC-HB-0369,RG,5.659806,-69.809917,LMC_SC17_237495,-99.99,LMC516.17.31929,-99.99,16.778,18.889,2.111,345.77,0.72,9283.7,0.026,0.204,65,47,-99.99,0,0.0056,0.00174,
OGLE-LMC-HB-0370,MS,5.660033,-71.080528,-99.99,LMC178.7.51068,LMC515.18.80,OGLE-LMC-ECL-36738,15.865,15.861,-0.004,3.901272,0.000042,9002.422,0.018,0.332,34.8,32.5,ECL,0,0.00531,-0.00286,
OGLE-LMC-HB-0371,RG,5.66175,-69.757778,-99.99,LMC176.3.31662,LMC553.07.44522,-99.99,13.99,15.536,1.546,616.42,0.44,9075,0.036,0.195,89.4,71.8,-99.99,1,0.00644,0.0027,
OGLE-LMC-HB-0372,RG,5.663433,-70.406278,LMC_SC17_203768,LMC177.3.55,LMC552.25.7715,-99.99,15.79,17.493,1.703,338.784,0.069,9093.3,0.057,0.1763,62,137.8,-99.99,1,0.0141,0.00218,
OGLE-LMC-HB-0373,RG,5.665739,-70.802194,LMC_SC18_3066,LMC178.5.24280,LMC552.16.64,-99.99,15.928,17.396,1.468,295.03,0.12,9034.2,0.026,0.251,58.3,25.3,-99.99,1,0.00559,0.00031,
OGLE-LMC-HB-0374,RG,5.667514,-70.333333,LMC_SC17_211289,LMC177.3.50440,LMC552.25.18058,EROS2-star lm003-7l-10520,15.269,16.955,1.686,326.955,0.079,9180.2,0.044,0.2423,60.8,134.5,-99.99,1,0.00908,0.00116,
OGLE-LMC-HB-0375,RG,5.668422,-70.47225,LMC_SC17_200422,LMC177.2.45057,LMC552.25.43,-99.99,15.542,17.228,1.686,360.685,0.067,9108.8,0.058,0.1364,62.5,61.8,-99.99,1,0.0159,0.0011,
OGLE-LMC-HB-0376,RG,5.670489,-71.2975,-99.99,LMC178.8.20995,LMC515.09.5999,-99.99,15.264,16.673,1.409,588.07,0.26,9102.8,0.049,0.588,60.2,52.4,-99.99,1,0.0018,0.00013,
OGLE-LMC-HB-0377,RG,5.671417,-68.402667,-99.99,LMC174.4.20043,LMC554.06.18905,OGLE-LMC-ECL-22065,16.013,17.405,1.392,508.81,0.13,9294.2,0.058,0.4752,65.1,97.8,-99.99,1,0.00403,0.0002,
OGLE-LMC-HB-0378,RG,5.685142,-70.880556,-99.99,LMC178.3.31368,LMC552.07.56476,OGLE-LMC-ECL-22398,15.825,17.219,1.394,309.218,0.071,9254.8,0.062,0.4299,87.2,86.9,-99.99,1,0.00433,0.00029,
OGLE-LMC-HB-0379,RG,5.685836,-70.95025,-99.99,LMC178.3.48,LMC515.17.43858,-99.99,15.524,17.179,1.655,356.28,0.17,9059.2,0.025,0.332,42.4,22.1,-99.99,1,0.00586,-0.00246,
OGLE-LMC-HB-0380,RG,5.690472,-70.542028,LMC_SC18_124968,LMC177.2.22501,LMC552.15.56026,-99.99,15.733,17.398,1.665,460.6,0.19,9196.5,0.037,0.301,65.4,142.1,-99.99,1,0.00567,0.00106,
OGLE-LMC-HB-0381,RG,5.694372,-68.539611,-99.99,LMC182.6.112,LMC554.06.18700,-99.99,15.887,17.364,1.477,284.2,0.16,9198.6,0.024,0.277,57.1,177.4,-99.99,1,0.00524,0.00012,
OGLE-LMC-HB-0382,RG,5.694761,-71.095833,-99.99,LMC178.2.35579,LMC515.17.63,MACHO 15.9949.27,15.733,17.551,1.818,362.207,0.068,9159,0.063,0.2925,74,153.2,-99.99,1,0.00934,0.00857,
OGLE-LMC-HB-0383,RG,5.697181,-68.744333,-99.99,LMC182.7.236,LMC553.31.34154,-99.99,16.932,18.351,1.419,184.74,0.12,9004.6,0.019,0.22,68,26.2,ECL,0,0.00379,0.00054,
OGLE-LMC-HB-0384,RG,5.699478,-70.017083,LMC_SC18_155452,LMC176.1.61198,LMC552.32.15098,-99.99,16.794,18.234,1.44,218.754,0.031,9059.55,0.066,0.296,67,160.3,-99.99,1,0.01065,0.00315,
OGLE-LMC-HB-0385,RG,5.708006,-67.514583,-99.99,-99.99,LMC554.30.12938,-99.99,14.618,16.215,1.597,698.6,0.42,9156.8,0.094,0.4942,72.7,40.6,TEO,1,0.00526,0.00236,
OGLE-LMC-HB-0386,MS,5.709372,-68.280556,-99.99,LMC181.8.13728,LMC554.13.168,OGLE-LMC-ECL-37269,16.446,16.361,-0.085,2.787407,0.000018,9000.113,0.03,0.101,89.4,45.6,ECL,1,0.00732,0.00292,
OGLE-LMC-HB-0387,RG,5.71295,-67.560694,-99.99,-99.99,LMC554.30.13039,-99.99,16.331,17.559,1.228,164.366,0.052,9044.3,0.052,0.322,64.5,117.3,-99.99,1,0.00733,0.00062,
OGLE-LMC-HB-0388,RG,5.713286,-68.36675,-99.99,LMC181.8.13497,LMC554.13.40,OGLE-LMC-ECL-23069,15.303,16.944,1.641,429.26,0.13,9240.5,0.074,0.3081,89.3,110.6,-99.99,1,0.00866,0.00289,
OGLE-LMC-HB-0389,MS,5.718647,-68.15625,-99.99,LMC181.7.14021,LMC554.13.13473,-99.99,15.563,15.706,0.143,36.01955,0.00056,9025.226,0.164,0.1159,14.65,24.6,ECL,0,0.208,-0.165,
OGLE-LMC-HB-0390,RG,5.719153,-70.828139,LMC_SC19_60977,LMC178.4.24446,LMC552.14.36166,2MASS J05430894-7049413,15.015,16.937,1.922,583.45,0.13,9327.9,0.076,0.3499,64.8,116.8,OSARG,1,0.00944,0.00124,
OGLE-LMC-HB-0391,RG,5.719283,-70.095528,-99.99,LMC184.8.36,LMC552.31.39707,2MASS J05430942-7005439,15.182,16.884,1.702,530.58,0.11,9003,0.105,0.3272,67.9,143.6,OSARG,1,0.01407,0.00327,
OGLE-LMC-HB-0392,MS,5.722047,-69.166083,-99.99,LMC183.6.25632,LMC553.22.22853,OGLE-LMC-ECL-23256,14.797,15.075,0.278,20.833,0.00014,9016.612,0.151,0.1282,88.5,79.3,-99.99,0,0.03295,0.01169,
OGLE-LMC-HB-0393,RG,5.731394,-68.820639,-99.99,LMC182.8.23754,LMC553.30.22842,EROS2-star lm022-7m-8797,15.318,16.97,1.652,463.24,0.15,9082.8,0.067,0.3155,85.1,68.8,-99.99,1,0.00768,0.00228,
OGLE-LMC-HB-0394,RG,5.736211,-67.810167,-99.99,LMC181.4.13,LMC554.21.11015,-99.99,13.736,15.124,1.388,841.2,1.4,9586.4,0.019,0.384,88.9,117.4,-99.99,1,0.0016,0.00038,
OGLE-LMC-HB-0395,RG,5.736703,-68.815417,-99.99,LMC182.8.24004,LMC553.30.7438,-99.99,16.175,17.851,1.676,292.04,0.13,9228.2,0.035,0.283,60.1,39.8,-99.99,1,0.00635,0.00116,
OGLE-LMC-HB-0396,RG,5.739053,-70.941139,LMC_SC19_105537,LMC186.6.26879,-99.99,-99.99,16.036,17.712,1.676,208.68,0.1,9081.5,0.037,0.123,46.9,5.2,-99.99,1,0.0162,-0.003,
OGLE-LMC-HB-0397,MS,5.739156,-67.06875,-99.99,-99.99,LMC555.11.14764,OGLE-LMC-ECL-37569,15.409,15.497,0.088,28.7853,0.003,9007.26,0.028,0.19,84.4,0.5,ECL,1,0.00615,0.00122,
OGLE-LMC-HB-0398,RG,5.745739,-68.515556,-99.99,LMC182.3.84,LMC554.04.14860,EROS2-star lm023-4k-24922,15.43,17.247,1.817,699.72,0.54,9030,0.048,0.3491,53.7,76.5,OSARG,1,0.00805,0.00078,
OGLE-LMC-HB-0399,RG,5.746792,-70.1685,LMC_SC19_189013,LMC185.5.58685,LMC552.30.29333,-99.99,16.131,17.678,1.547,262.948,0.08,9084.6,0.032,0.136,60.9,16.5,-99.99,1,0.0095,0.0022,
OGLE-LMC-HB-0400,RG,5.749647,-69.363833,-99.99,LMC183.7.27764,LMC553.12.28519,-99.99,16.743,19.455,2.712,423.44,0.14,9346,0.074,0.1864,53,15.7,OSARG,1,0.0226,-0.001,
OGLE-LMC-HB-0401,RG,5.750625,-70.794333,-99.99,LMC186.5.35611,LMC552.13.35311,OGLE-LMC-ECL-23706,15.666,17.425,1.759,458.07,0.18,9169.1,0.046,0.338,67.9,104,-99.99,1,0.00576,0.00081,
OGLE-LMC-HB-0402,RG,5.753717,-69.500056,-99.99,LMC183.1.57,LMC553.12.19741,-99.99,15.739,17.331,1.592,473.69,0.15,9147.3,0.073,0.4035,89.6,34.9,-99.99,1,0.00607,0.00184,
OGLE-LMC-HB-0403,RG,5.764706,-69.186194,-99.99,LMC183.3.36,LMC553.21.3672,EROS2-star lm004-0m-21495,15.213,16.968,1.755,610.82,0.39,9231,0.047,0.394,59.8,58.6,-99.99,1,0.00524,-0.00003,
OGLE-LMC-HB-0404,MS,5.767114,-67.5985,-99.99,-99.99,LMC554.28.12723,LHA 120-S 60,14.291,14.538,0.247,17.2724,0.00022,9004.456,0.132,0.2955,56.21,102.8,-99.99,1,0.02525,0.00052,
OGLE-LMC-HB-0405,RG,5.767419,-70.674472,LMC_SC20_87210,LMC185.8.33835,LMC552.13.18106,-99.99,16.039,17.689,1.65,512.28,0.18,9224.7,0.049,0.483,69.2,150.2,-99.99,1,0.00314,0.00125,
OGLE-LMC-HB-0406,RG,5.768028,-67.630722,-99.99,-99.99,LMC554.28.105,-99.99,15.765,17.139,1.374,400.34,0.58,9154.8,0.022,0.41,49.5,11.2,-99.99,1,0.00303,-0.00033,
OGLE-LMC-HB-0407,RG,5.769117,-70.712194,LMC_SC20_83422,LMC185.8.33842,LMC552.13.8359,MACHO 12.10681.24,15.343,17.079,1.736,609.39,0.42,9568.3,0.025,0.283,52.9,81.3,-99.99,1,0.00575,-0.00011,
OGLE-LMC-HB-0408,MS,5.77095,-69.447861,-99.99,LMC183.1.110,LMC553.12.7753,OGLE-LMC-ECL-23999,15.24,15.894,0.654,114.02923,0.00072,9032.207,0.443,0.6753,75.1,64.61,ECL/MISC,0,0.00577,0.00523,
OGLE-LMC-HB-0409,RG,5.773417,-69.477639,-99.99,LMC183.1.292,LMC553.12.3693,-99.99,16.402,18.261,1.859,316.37,0.14,9001.5,0.039,0.263,57.4,105.1,-99.99,1,0.00818,-0.00041,
OGLE-LMC-HB-0410,MS,5.779994,-70.584944,LMC_SC20_141835,LMC185.2.238,LMC552.12.63744,OGLE-LMC-ECL-37938,16.959,17.453,0.494,34.05499,0.00044,9000.85,0.171,0.1763,56.3,38,ECL,0,0.0474,-0.0078,
OGLE-LMC-HB-0411,RG,5.787417,-71.161611,LMC_SC20_160045,LMC186.7.18867,LMC551.30.18233,-99.99,15.472,17.226,1.754,413.82,0.18,9293.8,0.032,0.199,74.7,162.5,-99.99,1,0.00671,0.00335,
OGLE-LMC-HB-0412,RG,5.794689,-70.804694,LMC_SC20_181329,LMC186.4.3,LMC552.12.5,J054741.02-704815.4,14.218,15.9,1.682,625.78,0.13,9559.6,0.088,0.294,55.09,169.9,ECL,0,0.01814,-0.00246,
OGLE-LMC-HB-0413,MS,5.797347,-68.0065,-99.99,-99.99,LMC554.19.17,OGLE-LMC-ECL-38101,14.116,14.021,-0.095,9.17464,0.0002,9006.94,0.045,0.207,63,118.1,ECL,0,0.00988,-0.00007,
OGLE-LMC-HB-0414,RG,5.803875,-71.321444,-99.99,LMC186.1.52,LMC551.29.26756,-99.99,15.471,17.038,1.567,326.82,0.13,9307,0.045,0.2342,64,8.9,-99.99,1,0.00996,0.00127,
OGLE-LMC-HB-0415,RG,5.827983,-69.766778,-99.99,LMC191.6.16,LMC553.02.10487,EROS2-star lm004-5m-1120,14.576,15.901,1.325,199.791,0.055,9184.9,0.032,0.31,58.2,106,-99.99,1,0.00555,0.00005,
OGLE-LMC-HB-0416,RG,5.828281,-69.949361,-99.99,LMC191.7.75,LMC552.28.19013,-99.99,15.256,17.006,1.75,588.13,0.25,9184.9,0.06,0.4,58.8,100.4,TEO,1,0.00699,0.00021,
OGLE-LMC-HB-0417,RG,5.847531,-69.938361,-99.99,LMC191.7.21945,LMC552.27.14869,-99.99,15.706,17.321,1.615,598.88,0.26,9410.8,0.043,0.448,80.8,129,-99.99,1,0.00279,0.00077,
OGLE-LMC-HB-0418,RG,5.851125,-72.261528,-99.99,LMC188.2.7328,LMC551.03.46,-99.99,15.681,17.22,1.539,351.99,0.17,9157.6,0.05,0.2087,89,99.6,-99.99,1,0.00864,0.00403,
OGLE-LMC-HB-0419,RG,5.854097,-69.234528,-99.99,LMC190.6.14459,LMC553.18.123,-99.99,16.093,17.498,1.405,210.853,0.03,9038.83,0.068,0.2987,50.7,21.2,-99.99,1,0.01457,-0.00037,
OGLE-LMC-HB-0420,MS,5.870139,-68.168889,-99.99,-99.99,LMC561.32.7630,-99.99,14.658,14.489,-0.169,12.20702,0.00094,9008.39,0.012,0.401,36.5,91.5,-99.99,1,0.00433,-0.00201,
OGLE-LMC-HB-0421,RG,5.872344,-71.414111,-99.99,LMC194.5.30,LMC551.27.11769,-99.99,15.445,17.096,1.651,547.1,0.71,9230.8,0.022,0.265,89.7,32.8,-99.99,1,0.00325,0.00161,
OGLE-LMC-HB-0422,RG,5.875661,-69.431694,-99.99,LMC190.1.21,LMC553.08.20563,-99.99,14.718,16.163,1.445,386.72,0.17,9075.2,0.053,0.2399,58.6,9.7,-99.99,0,0.01232,0.00133,
OGLE-LMC-HB-0423,RG,5.883914,-68.148944,-99.99,-99.99,LMC561.32.7658,EROS2-star lm024-2k-17748,15.645,17.375,1.73,419.6,0.93,9045.1,0.019,0.264,64,93,-99.99,1,0.00351,0.0014,
OGLE-LMC-HB-0424,RG,5.887103,-70.873417,-99.99,LMC193.5.15399,LMC552.01.11631,-99.99,15.559,17.152,1.593,444.55,0.32,9343,0.052,0.318,88.6,97.3,-99.99,1,0.00604,0.00297,
OGLE-LMC-HB-0425,RG,5.894169,-68.281889,-99.99,-99.99,LMC561.31.101,OGLE-LMC-ECL-38869,15.615,16.904,1.289,246.949,0.095,9075.8,0.066,0.31,89.4,127.7,OSARG,1,0.00775,0.00205,
OGLE-LMC-HB-0426,RG,5.899175,-68.332778,-99.99,-99.99,LMC561.31.34,-99.99,15.339,16.933,1.594,471.14,0.67,9059.4,0.034,0.341,53.7,67,-99.99,1,0.00585,0.00012,
OGLE-LMC-HB-0427,RG,5.899953,-64.2865,-99.99,-99.99,LMC600.02.71,OGLE-LMC-ECL-38909,16.296,17.602,1.306,186.79,0.15,9184.1,0.03,0.184,87,99.6,-99.99,1,0.00561,0.00206,
OGLE-LMC-HB-0428,RG,5.943083,-70.206528,-99.99,LMC192.4.10576,LMC560.14.24,-99.99,15.805,17.247,1.442,402.39,0.34,9133.7,0.022,0.141,53.8,168.3,-99.99,1,0.0076,0.0012,
OGLE-LMC-HB-0429,RG,6.046356,-68.896889,-99.99,LMC204.8.6198,LMC561.09.28,-99.99,15.433,17.028,1.595,281.05,0.19,9029.9,0.022,0.306,19.7,139,-99.99,0,0.0084,-0.0089,
OGLE-LMC-HB-0430,RG,6.046864,-70.339278,-99.99,LMC199.3.3605,LMC560.02.5674,-99.99,15.784,17.307,1.523,282.943,0.087,9274.5,0.043,0.2543,44,126,-99.99,1,0.01387,-0.00272,
OGLE-LMC-HB-0431,RG,6.050917,-70.022417,-99.99,LMC206.8.26,LMC560.10.5035,OGLE-LMC-ECL-25690,15.563,17.156,1.593,300.545,0.052,9190.6,0.076,0.2898,51.18,53.4,-99.99,1,0.01648,-0.00206,
OGLE-LMC-HB-0432,RG,6.052508,-72.494056,-99.99,LMC202.8.4655,LMC558.13.4102,-99.99,15.56,17.135,1.575,538.93,0.28,9230.8,0.035,0.442,60.9,3.3,-99.99,1,0.00357,0.00182,
OGLE-LMC-HB-0433,RG,6.072311,-69.256056,-99.99,-99.99,LMC568.25.32,-99.99,15.337,16.827,1.49,375.7,0.59,9028.6,0.038,0.168,58.6,119.1,ECL,0,0.0103,-0.0009,
OGLE-LMC-HB-0434,RG,6.149942,-72.958278,-99.99,LMC211.8.66,LMC558.02.52,-99.99,16.17,17.556,1.386,232.201,0.092,9108.5,0.032,0.294,34.8,36,-99.99,1,0.01175,-0.0061,
OGLE-LMC-HB-0435,RG,6.150239,-72.3505,-99.99,LMC210.7.43,LMC558.19.17,-99.99,15.157,16.783,1.626,601.18,0.6,9245.8,0.023,0.483,72,100,ECL,1,0.00134,0.00079,
OGLE-LMC-HB-0436,RG,6.174381,-71.056083,-99.99,LMC208.2.5434,LMC567.06.82,-99.99,15.95,17.361,1.411,264.81,0.11,9085.2,0.029,0.203,69.2,154.4,-99.99,1,0.00614,0.00282,
OGLE-LMC-HB-0437,RG,6.259822,-69.133222,-99.99,-99.99,LMC568.18.5858,OGLE-LMC-ECL-40052,15.885,17.324,1.439,346.87,0.35,9094.7,0.032,0.331,89.3,37.9,-99.99,1,0.00358,0.002,
OGLE-LMC-HB-0438,RG,6.261628,-69.490056,-99.99,-99.99,LMC568.09.44,-99.99,15.094,16.751,1.657,545.46,0.97,9200.3,0.037,0.264,88,161,-99.99,1,0.00588,0.00355,
OGLE-LMC-HB-0439,RG,6.339261,-70.495722,-99.99,-99.99,LMC567.17.17,-99.99,14.885,16.551,1.666,433.61,0.45,9023.5,0.047,0.205,60.3,122.8,-99.99,1,0.011,0.001,
